Price,Close,High,Low,Open,Volume
Ticker,VOO,VOO,VOO,VOO,VOO
Date,,,,,
2015-01-02,154.7767333984375,155.86116242350874,153.8401867565998,155.50789689482315,1865000
2015-01-05,152.05746459960938,153.96342623207502,151.704211601774,153.840188821794,2734700
2015-01-06,150.56224060058594,152.7064405825929,149.81464313712848,152.28745105211567,2245300
2015-01-07,152.44357299804688,152.7311143954011,151.35093323792884,151.7616994995255,2305600
2015-01-08,155.12173461914062,155.3106835378301,153.6840530967722,153.7333430289879,1740600
2015-01-09,153.81549072265625,155.54892439627884,153.3390004791082,155.51606861957367,2525200
2015-01-12,152.6736297607422,154.11953529575825,152.1396385346653,154.00452122234506,1847500
2015-01-13,152.2710418701172,154.78492911599545,151.0798098106711,153.8073035124672,2158500
2015-01-14,151.37562561035156,151.4906396981888,149.609335146652,150.42265711209814,5216300
2015-01-15,149.96255493164062,152.1889137880058,149.8475408693379,151.88495073811845,1940700
2015-01-16,151.8192138671875,152.0492419724615,149.59285519792448,149.77359335715283,1472800
2015-01-20,152.19712829589844,152.72290866998793,150.8169595147609,152.49288053979834,1637600
2015-01-21,152.9939727783203,153.41296231807667,151.40842128997235,151.7945425143493,1586500
2015-01-22,155.33535766601562,155.39285841919954,152.4764282404887,153.70050357227504,6074900
2015-01-23,154.48097229003906,155.28608319957053,154.2755891563897,155.03962093207298,3109800
2015-01-26,154.78494262695312,154.86708835628488,153.5690654911674,154.27558394849487,2018000
2015-01-27,152.75576782226562,153.77446018462456,151.99995936336984,152.92007182887912,1979100
2015-01-28,150.7430419921875,153.8895137866436,150.6280279138134,153.84843464388263,2530800
2015-01-29,152.20533752441406,152.41893147246225,149.69144995228066,150.94839373834736,4338200
2015-01-30,150.3322296142578,152.29569169544774,150.03647742675014,151.12911710460932,2302500
2015-02-02,152.05746459960938,152.19712363612052,149.08352062493,150.75123078554117,3397800
2015-02-03,154.27561950683594,154.3331328126563,152.63255411440292,152.91188475816807,1435000
2015-02-04,153.74978637695312,154.73563530293728,153.33902016965632,153.65120649859062,1861200
2015-02-05,155.31076049804688,155.42577457540506,154.3249237584632,154.35777955102515,1033800
2015-02-06,154.87535095214844,156.13229500333514,154.39886047314516,155.6722386885994,1454700
2015-02-09,154.16880798339844,154.9328272707296,153.8073316401307,154.29203285697042,2289300
2015-02-10,155.81187438964844,156.03367916383675,154.32490240399133,155.12179002098867,1798000
2015-02-11,155.91867065429688,156.28014701330216,155.08892721973874,155.6886425232195,1744400
2015-02-12,157.3645477294922,157.44669345544781,156.4772911542729,156.6662401131206,2008500
2015-02-13,158.05467224121094,158.0957513824434,157.29065286378147,157.50424684835883,1073100
2015-02-17,158.30934143066406,158.45722382830508,157.56174369984146,157.79178437790455,1700400
2015-02-18,158.3421630859375,158.375018867066,157.73422458254657,157.96425265721558,1863000
2015-02-19,158.23538208007812,158.5311342941248,157.6438776519848,157.80818165187924,1017600
2015-02-20,159.1965789794922,159.2294473019281,157.28240660434255,157.84105526542444,1374000
2015-02-23,159.1554718017578,159.1554718017578,158.58040161637484,158.9583120442493,1497700
2015-02-24,159.62379455566406,159.77988776305338,158.90905263422835,159.12265914353722,1244200
2015-02-25,159.4512939453125,159.91135029550452,159.13912001373672,159.4923730913501,1983600
2015-02-26,159.2705078125,159.5005359183889,158.72830586895714,159.3691002404464,994200
2015-02-27,158.7200469970703,159.41835450653647,158.711836186409,159.18832645213112,966600
2015-03-02,159.76345825195312,159.76345825195312,158.80226653885688,158.81047735268734,1016600
2015-03-03,159.0815887451172,159.3937751770489,158.30113520088184,159.34448522160577,1388100
2015-03-04,158.4160919189453,158.59683004719426,157.51240127770058,158.5557509206669,1497500
2015-03-05,158.588623046875,158.82687448393767,158.12856686776314,158.67899212031415,1135800
2015-03-06,156.34585571289062,158.1860931156707,156.04189268441934,157.73424771146222,1815600
2015-03-09,157.01124572753906,157.29878704047985,156.43617563724533,156.51833387968205,1132000
2015-03-10,154.43167114257812,155.7872072477005,154.4234603306407,155.73791730489438,2390500
2015-03-11,154.0701446533203,154.83417612467355,154.0126439173099,154.66164884546907,1857500
2015-03-12,156.05831909179688,156.0911748761107,154.61241387016616,154.62063721793794,2646900
2015-03-13,155.1053009033203,155.918609858363,154.13588626983824,155.82824080384847,1792200
2015-03-16,157.22486877441406,157.22486877441406,155.72146303502822,155.7543188141256,1054700
2015-03-17,156.6908721923828,157.01949267593943,155.9514980416624,156.4854890910061,1460900
2015-03-18,158.55577087402344,159.18013105480787,155.67219634140707,156.23083241859456,2287400
2015-03-19,157.8246612548828,158.43260001868646,157.5289089556804,158.194348494987,1372000
2015-03-20,159.2541046142578,159.69772671677595,158.66260012050495,158.71189007238553,1350100
2015-03-23,158.9683837890625,159.76933705577014,158.94361307768375,159.24087421377678,707100
2015-03-24,158.04351806640625,159.2408275635131,157.98572395663618,158.85273639954158,1587700
2015-03-25,155.7397918701172,158.43164736213444,155.70676845652102,158.24173438497505,1216700
2015-03-26,155.3517303466797,156.18570714473765,154.53425895880522,155.13704661834637,1906200
2015-03-27,155.67376708984375,155.88019811951781,155.0957627266664,155.26915773584454,1837000
2015-03-30,157.6142120361328,157.87018447788162,156.65636910609598,156.68113981984268,1414700
2015-03-31,156.22694396972656,158.35731293380343,156.20217326313053,156.87100754031425,2765200
2015-04-01,155.72332763671875,156.2022491962982,154.79852054211108,156.2022491962982,3379900
2015-04-02,156.18569946289062,156.63159750690917,155.45907086451274,155.62421315507368,1803500
2015-04-06,157.28392028808594,157.74632376006716,155.31044022759846,155.42604109559377,1242500
2015-04-07,156.86280822753906,157.98579350710995,156.86280822753906,157.28392298254693,1372300
2015-04-08,157.4325408935547,157.7628254537976,156.73067045360312,157.08573832543516,1412100
2015-04-09,158.11788940429688,158.29954968778978,156.85453272335403,157.2591294096853,794800
2015-04-10,158.98489379882812,159.00967711047224,158.15916979684084,158.32432467687698,1056900
2015-04-13,158.26657104492188,159.39780927530174,158.20877689715888,158.83632281336367,1227800
2015-04-14,158.55552673339844,158.72066901424444,157.52337172867544,158.06008729131204,2647800
2015-04-15,159.28213500976562,159.71151496493673,158.9105617752825,158.98487390226975,934900
2015-04-16,159.22433471679688,159.67022006098395,158.78670207543956,158.99313304210042,823300
2015-04-17,157.374755859375,158.34911686563632,156.6811506275246,158.1509385424433,2059300
2015-04-20,158.81153869628906,159.11705262189219,158.16747482095994,158.2665576942255,1430300
2015-04-21,158.65463256835938,159.5794395547245,158.37388939029142,159.45558597603284,1089500
2015-04-22,159.4390106201172,159.59590016306487,158.12611275999566,158.94358388399084,1125400
2015-04-23,159.85195922851562,160.40519298031805,158.95192279347376,159.07577639479052,956400
2015-04-24,160.1739501953125,160.42992263888655,159.79412418212175,160.2069862135765,978300
2015-04-27,159.5381317138672,160.80148836358256,159.36472413862,160.71065822408124,898200
2015-04-28,160.0335693359375,160.06660535228568,158.48946945969755,159.50510647030387,1103800
2015-04-29,159.38124084472656,159.90970367036223,158.65459973464715,159.20783327089484,1408900
2015-04-30,157.79588317871094,159.1996116521872,157.15181937794478,158.8693144469545,2506100
2015-05-01,159.44735717773438,159.513404029906,158.4152018687111,158.50603203988726,1921200
2015-05-04,159.94273376464844,160.44642590070873,159.77759148715532,159.89319234135533,1060000
2015-05-05,158.0765838623047,160.02529275093684,157.9857537302247,159.69499563448844,1138300
2015-05-06,157.4408416748047,158.86108839673128,156.49951653116054,158.6133686011297,1588100
2015-05-07,158.0765838623047,158.456409796787,157.08571771205285,157.37471351445518,1320700
2015-05-08,160.14915466308594,160.3390676402505,159.5546324219602,159.61243914518923,1322900
2015-05-11,159.38124084472656,160.35558906092612,159.33169942350253,160.13264006587036,1090100
2015-05-12,158.91885375976562,159.42254592649172,157.90320412222928,158.66286872458605,1852700
2015-05-13,158.9683837890625,159.86841990128514,158.75368749104933,159.3317043553482,589000
2015-05-14,160.62811279296875,160.6859195294182,159.6372463643304,159.89321882677737,902300
2015-05-15,160.79330444335938,160.91717065967111,160.37218954682928,160.75201570458879,719000
2015-05-18,161.28868103027344,161.5281354622068,160.58681054433399,160.71067671220226,984500
2015-05-19,161.2061004638672,161.6519985002812,160.98316404520912,161.3795080557057,980400
2015-05-20,161.09881591796875,161.8006740130111,160.8510961081379,161.3217524072189,3401300
2015-05-21,161.5859375,161.78410320355422,160.87581432998348,161.05747462460738,756200
2015-05-22,161.2308349609375,161.63544418464372,161.17304084300582,161.27212367348648,831600
2015-05-26,159.4968719482422,160.8262882679635,159.11703331422896,160.7932522478493,1235300
2015-05-27,160.96665954589844,161.21437929807985,159.6124725134633,159.90973369617103,1420100
2015-05-28,160.8179473876953,160.90877750099926,160.190401895487,160.7353825753107,1114500
2015-05-29,159.76934814453125,160.78498518019416,159.5711698401987,160.7436964585146,1530900
2015-06-01,160.14089965820312,160.7189038844502,159.43902928376565,160.38035405209578,1157400
2015-06-02,159.97573852539062,160.60328409708004,159.15826740211918,159.71975355580776,1094400
2015-06-03,160.41339111328125,160.95835933042076,159.97575843915172,160.44641452661958,1213800
2015-06-04,159.1087188720703,160.29776314381178,158.77016909478792,159.79407112868643,1383400
2015-06-05,158.78675842285156,159.38128082577202,158.1922360199311,158.9353827238063,1567800
2015-06-08,157.80409240722656,158.80322385340227,157.7297802813543,158.67935771073525,1130100
2015-06-09,157.76280212402344,158.2499761881809,157.19305063224252,157.7958381348914,1466100
2015-06-10,159.63720703125,160.0087802754935,158.43990986666662,158.50596929223946,1247700
2015-06-11,160.1326904296875,160.4960110989963,159.8849832456602,160.1492084418065,724700
2015-06-12,158.9601287841797,159.546398390405,158.71242165434387,159.37299079997112,2147700
2015-06-15,158.22523498535156,158.5142434363809,157.27565738833889,157.8949504123599,1392600
2015-06-16,159.15003967285156,159.20783379795503,157.99401857575748,158.1261374324907,819800
2015-06-17,159.4225616455078,159.93450656724679,158.49774206486788,159.4142963406087,1170600
2015-06-18,160.99964904785156,161.45379973124778,159.86015858715876,159.86841129065786,1041600
2015-06-19,160.0666046142578,160.89232862547493,160.0666046142578,160.85103990500437,691400
2015-06-22,161.16331481933594,161.70253944828505,160.98080529541022,161.24626563847073,1027000
2015-06-23,161.27944946289062,161.56979630560073,160.93931694060697,161.33751376805307,1727200
2015-06-24,160.12632751464844,161.3707036723286,160.10144100417077,161.08863545616663,2160600
2015-06-25,159.6285400390625,160.68211518606108,159.57876702806902,160.5327834946343,2287600
2015-06-26,159.6285400390625,160.16777719453333,159.11420204753475,159.96038120976294,1631900
2015-06-29,156.252197265625,158.80730559517096,156.1775250633164,158.2680809004868,2746800
2015-06-30,156.65867614746094,157.77031592932568,156.16093322616118,157.77031592932568,2679400
2015-07-01,157.84498596191406,158.24318282518152,157.16472085615084,158.16021934354453,2782300
2015-07-02,157.72879028320312,158.45052422241412,157.35546740304298,158.32609170132451,3087100
2015-07-06,157.2725830078125,157.9528355077094,156.36003527306548,156.55914004931512,1741100
2015-07-07,158.2432098388672,158.3676424241145,155.28989167011014,157.50488029667792,3507500
2015-07-08,155.5552978515625,157.28083416344006,155.38938357624593,157.09003337974838,1874000
2015-07-09,155.83737182617188,157.72882248354748,155.82077660049012,157.53800903432796,2224900
2015-07-10,157.82008361816406,158.20998915753637,157.08175427607685,157.77029793910583,1648600
2015-07-13,159.5870819091797,159.6783366623107,158.93171607011016,158.94000735368635,1026100
2015-07-14,160.292236328125,160.5494053665751,159.5041339868736,159.58708479948254,1128900
2015-07-15,160.225830078125,160.71528152930196,159.7944429161569,160.35026259674783,1174800
2015-07-16,161.45367431640625,161.49515605844653,160.9808179008082,161.1965052375871,949500
2015-07-17,161.64451599121094,161.70258031343425,161.1384690303387,161.50347551198442,872100
2015-07-20,161.71914672851562,162.1505340588961,161.43709113722662,161.84357929571655,1103500
2015-07-21,161.08033752441406,161.81037555749492,160.82316848779195,161.61957476555727,772400
2015-07-22,160.7650909423828,161.07204565523875,160.42497109497774,160.42497109497774,1193800
2015-07-23,159.84429931640625,160.9642432020822,159.56224368807892,160.939356685374,899300
2015-07-24,158.17684936523438,160.01852766832354,157.91968023742106,159.99364115004823,1589100
2015-07-27,157.28091430664062,157.8865200748846,156.9158951198783,157.43853737896566,1745600
2015-07-28,159.1889190673828,159.3631373272387,157.31406324485033,158.11045702531774,931300
2015-07-29,160.31715393066406,160.52454999008276,159.20551409020797,159.33825060626415,2471200
2015-07-30,160.34201049804688,160.50792478290387,159.2967391108442,159.91892717289429,924400
2015-07-31,160.06825256347656,160.87295016823495,159.86916047715218,160.87295016823495,1437200
2015-08-03,159.57049560546875,160.11801145298583,158.72431633792718,160.10972016960378,3081700
2015-08-04,159.25526428222656,159.91063016629312,158.83218093872404,159.57051029804163,1601700
2015-08-05,159.8110809326172,160.73191979234613,159.5373166598925,160.1429095100993,1369900
2015-08-06,158.59158325195312,160.05164664070298,157.94450869774425,159.9189228115062,1321200
2015-08-07,158.17684936523438,158.44232243810802,157.36386023185133,158.3510676516143,1854100
2015-08-10,160.18435668945312,160.23412969949274,159.19714979551352,159.19714979551352,1346700
2015-08-11,158.71607971191406,159.31336878230888,158.03581448688456,158.98154011448372,4996300
2015-08-12,158.85707092285156,159.0810495257181,156.21069550094145,157.5214399561817,3758700
2015-08-13,158.682861328125,159.3797090030114,158.25977795232612,158.79900260727274,1155900
2015-08-14,159.2967529296875,159.34652595361752,158.43397832006863,158.55011959538854,742500
2015-08-17,160.18435668945312,160.18435668945312,158.33438808511906,158.7989530567504,1926300
2015-08-18,159.69491577148438,160.2424442350139,159.5124062836412,159.97697128598858,1023800
2015-08-19,158.43392944335938,159.7363822404874,157.7204867840765,159.09759909406716,1771900
2015-08-20,155.1073455810547,157.5629075136763,155.0907503541122,157.09005114263363,4195700
2015-08-21,150.18792724609375,154.3275572160333,150.18792724609375,153.539454709196,6145900
2015-08-24,144.0655517578125,148.94349677480884,139.4364717989947,142.68843936314107,12325000
2015-08-25,142.3151397705078,149.15920786855648,142.16580806597588,148.62827460728818,8132200
2015-08-26,147.9646453857422,148.0890779582214,143.2526003254658,146.19762690583218,7086100
2015-08-27,151.5816192626953,151.64798751474345,148.44579213950726,149.98881918888947,7168800
2015-08-28,151.5816192626953,151.97152483194697,150.51144860378764,150.95943114050007,2945000
2015-08-31,150.24594116210938,151.43224006721468,149.82285792866648,150.71879740437547,1923000
2015-09-01,145.65834045410156,148.08072388605322,145.03615253861395,146.92760278902065,8531800
2015-09-02,148.5950927734375,148.60339671544418,146.3386231176081,148.06415948138635,2424000
2015-09-03,148.71949768066406,150.6026438724878,148.25493275830323,149.2919125523032,2420200
2015-09-04,146.4132843017578,147.40878256724474,145.708132840379,146.73682155450226,2317700
2015-09-08,150.1630096435547,150.27915090832377,148.42918195577022,149.05137001527217,2248500
2015-09-09,148.1388397216797,151.68945867878185,147.80699848457502,151.64797694183767,2125500
2015-09-10,148.9684600830078,149.97225000573772,147.7240836225165,147.87340272171852,1774400
2015-09-11,149.590576171875,149.6735269674995,147.93969964006362,148.57017885228234,2185000
2015-09-14,149.0264892578125,149.8063003478398,148.64487499687078,149.8063003478398,905300
2015-09-15,150.96771240234375,151.33273143514998,149.1343386127246,149.50764892956775,1641500
2015-09-16,152.28680419921875,152.41123678751543,150.90969114929032,151.26640634137584,2098900
2015-09-17,151.8885040283203,154.2943047879097,151.59815727594494,152.14567299641806,3106200
2015-09-18,149.4329833984375,151.01747936039706,149.0679643802861,149.66526592663413,3205200
2015-09-21,150.2027130126953,151.12010115021758,149.23527441608945,150.24440263994111,1467600
2015-09-22,148.2429656982422,148.65996419528366,147.2338237360568,148.2846680931032,2469500
2015-09-23,147.97596740722656,148.8266472539688,147.4922607191976,148.4430160564597,1670300
2015-09-24,147.51731872558594,147.87593114559868,145.69086418442527,146.82510003904963,2562400
2015-09-25,147.41726684570312,149.0435707538829,146.64165594555178,148.85174233114745,3436300
2015-09-28,143.70594787597656,146.6749736483779,143.4640944684445,146.66663826390362,3732900
2015-09-29,143.78097534179688,145.0486534424664,142.91362467867052,144.006157934693,3219500
2015-09-30,146.54153442382812,146.64994531811823,144.84017439316472,145.58243078842932,4123600
2015-10-01,146.95016479492188,147.14198040587175,145.11537523934953,146.758349183972,3948400
2015-10-02,149.076904296875,149.076904296875,144.57332738325312,145.11542012674826,2307200
2015-10-05,151.75399780273438,151.9374653117977,150.11935918119778,150.23611817375212,2049100
2015-10-06,151.2452392578125,152.12927332986374,150.61139390368214,151.68725629383812,1325400
2015-10-07,152.512939453125,152.77982444774565,150.99507240499514,152.12096007088653,1693800
2015-10-08,153.85569763183594,154.10589917069575,151.8541107725154,152.15435007399137,3109600
2015-10-09,153.9390411376953,154.35603929462076,153.38026513450805,154.00576236989625,1651000
2015-10-12,154.12254333496094,154.23095421770338,153.60545689306943,154.02245510949206,885100
2015-10-13,153.09677124023438,154.5479172676018,152.94664522573973,153.4387001953464,1022300
2015-10-14,152.3795166015625,153.5637901859746,152.11263159482186,152.9966659095395,1184100
2015-10-15,154.66465759277344,154.69802458119597,152.63805208542718,152.95496212077646,2523100
2015-10-16,155.29010009765625,155.4068590642966,154.38938261538502,155.05658216437553,1241200
2015-10-19,155.47364807128906,155.4819834561926,154.54791131585623,154.83981522260058,768900
2015-10-20,155.2734832763672,155.84894297537426,154.87316846540597,155.14005348989906,1151200
2015-10-21,154.2643280029297,155.7988784528368,154.1725878822409,155.78219496022714,1556900
2015-10-22,156.93310546875,157.10825031701043,155.09831588237057,155.1400182486969,1498300
2015-10-23,158.64288330078125,158.98482506664973,157.7421651673088,158.45940297401194,1624300
2015-10-26,158.26754760742188,158.55943879903714,157.95062480862575,158.55110341382948,1150500
2015-10-27,157.9589385986328,158.25917786018775,157.33344119754142,157.69206632490463,1442400
2015-10-28,159.79371643066406,159.79371643066406,157.67535843364277,158.32587461206026,2251900
2015-10-29,159.73533630371094,160.00222127149416,159.2015790939202,159.32667346895877,1779000
2015-10-30,158.9263916015625,160.12734875333706,158.9263916015625,159.9772354722544,2011600
2015-11-02,160.81117248535156,161.03634232352988,159.16819875822085,159.27660962356737,2403500
2015-11-03,161.31993103027344,161.84535287844773,160.3608401804017,160.57767468125044,3920400
2015-11-04,160.86122131347656,161.71188843454632,160.3608184092683,161.6034775617283,1786700
2015-11-05,160.6610870361328,161.32828678870163,159.88547639088753,160.95299090468694,2185100
2015-11-06,160.59439086914062,160.8195735250281,159.39343367211248,160.34418933212996,2172600
2015-11-09,159.0931396484375,160.1356350892382,158.2508079135493,160.03555959916915,2127800
2015-11-10,159.3934783935547,159.50190205936173,158.3843493030421,158.6762405733022,1257500
2015-11-11,158.78463745117188,159.75207671542182,158.78463745117188,159.69369083575043,1114700
2015-11-12,156.65794372558594,158.3009183124098,156.60790595758607,157.9256223266305,2454900
2015-11-13,154.8480987548828,156.4743890709864,154.77304213854902,156.249219221985,3224000
2015-11-16,157.2249755859375,157.2499944552122,154.58954439897144,154.70630336417764,1687100
2015-11-17,157.03321838378906,158.28421331700218,156.64958706403968,157.50860256678374,1879900
2015-11-18,159.5602569580078,159.7187056435431,157.533638331588,157.55032182903693,2858600
2015-11-19,159.47677612304688,159.86040730091378,159.20989119429265,159.54349735523542,2154800
2015-11-20,160.0689239501953,160.67775048858192,159.71031160431232,160.1356451897079,1317600
2015-11-23,159.88548278808594,160.57768871978976,159.4601364068441,160.0355960573873,1308100
2015-11-24,160.1439971923828,160.44423641460256,158.6094340978288,158.98474266993512,1572000
2015-11-25,160.0939483642578,160.3858394575267,159.85208229115895,160.2523969844911,758700
2015-11-27,160.25241088867188,160.4442392324699,159.7103182928706,160.19403775526325,894500
2015-11-30,159.6019287109375,160.51933008102893,159.49351780412923,160.50264658545132,1551000
2015-12-01,161.14480590820312,161.21152715577668,159.94384890343272,160.16903152327134,1812900
2015-12-02,159.4434356689453,161.33661117919945,159.22660117259045,161.11142857382362,1999600
2015-12-03,157.17501831054688,159.91886176044449,156.56619157778957,159.76040035673446,2724400
2015-12-04,160.26083374023438,160.56107310775323,157.4919581591402,157.61706531897906,2900700
2015-12-07,159.25157165527344,160.02719473775164,158.44259432417468,160.02719473775164,1752800
2015-12-08,158.23414611816406,159.0598072017603,157.35011189928238,157.8338313772278,1721700
2015-12-09,157.0498809814453,159.56021862455054,156.12414434502057,157.72541611936504,4500300
2015-12-10,157.4085235595703,158.6094679792137,156.87476624224715,157.20835979340728,4083800
2015-12-11,154.27264404296875,156.08241462802533,154.08082844222508,155.49028433527656,3084400
2015-12-14,155.19837951660156,155.19837951660156,152.87987065478396,154.55621148221417,2722600
2015-12-15,156.81637573242188,157.5919991683019,156.3993774429189,156.58285770836244,3799300
2015-12-16,159.0181121826172,159.36005380407158,156.5411415431262,157.85885754895935,6361700
2015-12-17,156.69961547851562,159.4267878334694,156.64124233585233,159.4101043388037,3096000
2015-12-18,153.78897094726562,156.02408849623606,153.78897094726562,155.9156648638737,4531400
2015-12-21,155.1497344970703,155.26720184358595,153.9248532144517,154.99034195876754,2168400
2015-12-22,156.55088806152344,156.79418230048927,155.0407483667272,155.92166425549095,2423300
2015-12-23,158.4301300048828,158.5140316162391,157.3646537898717,157.51566132840674,2275500
2015-12-24,158.15322875976562,158.7069485263432,158.01060629896568,158.30424906046187,1170800
2015-12-28,157.80929565429688,157.87640157785594,156.88642918551167,157.59955443880824,2668300
2015-12-29,159.5711212158203,159.8311982862339,158.84961089067855,158.92511465920086,1757100
2015-12-30,158.3965606689453,159.3949308535831,158.28749114577363,159.37814797272887,2535800
2015-12-31,156.82766723632812,158.36297419319666,156.82766723632812,157.82603729037808,2395200
2016-01-04,154.62960815429688,154.63800599574233,152.75872013898183,154.176572771807,4193500
2016-01-05,154.9064483642578,155.30914785314908,153.89129540086054,154.84772748955444,2882500
2016-01-06,152.94326782226562,153.84935123713336,152.01201649045035,152.63284217727025,2755100
2016-01-07,149.21829223632812,151.8526414151124,148.91626437117378,150.30055128553823,4952500
2016-01-08,147.63262939453125,150.61934188283846,147.36415452738234,150.14952366691412,7357300
2016-01-11,147.64942932128906,148.7652541137323,146.0302204956155,148.53033217706047,4493300
2016-01-12,148.8743133544922,149.63777445720564,147.03697824422946,149.12600537535891,2998800
2016-01-13,145.2332000732422,149.87267449001013,144.90600430647223,149.69648624563223,4125700
2016-01-14,147.59066772460938,148.64775863257236,144.35226348729194,145.80366882634274,5081400
2016-01-15,144.42779541015625,145.19125650451247,142.70792768983415,143.63078135412616,8087300
2016-01-19,144.58717346191406,146.22315206813914,143.22805474314023,146.14764831744847,5863300
2016-01-20,142.89254760742188,144.20133116673964,139.2346591152197,142.28009384314237,8577600
2016-01-21,143.5888214111328,145.2583659834682,142.06191212119896,143.28679356894116,3004600
2016-01-22,146.5335693359375,146.70135970618688,145.29189243260586,146.00501750814652,2611700
2016-01-25,144.3606414794922,146.25669682243307,144.1592853716466,146.0637385534041,2756400
2016-01-26,146.31546020507812,146.53359925236396,144.62914551717773,145.0150749689692,2263700
2016-01-27,144.654296875,147.33898144445786,143.88245086138,145.88757604936728,3543000
2016-01-28,145.44293212890625,146.2735118545786,144.00829674848788,146.08893858220696,2616400
2016-01-29,149.12606811523438,149.12606811523438,146.04706728865253,146.26519363765956,4453100
2016-02-01,148.9917449951172,149.6629193469429,147.58229037771056,148.16956313496334,3923200
2016-02-02,146.29025268554688,147.7332728165448,145.81204952207014,147.5403145436741,5101200
2016-02-03,147.14602661132812,147.49839026922996,143.9411879314099,147.21314532734553,3871000
2016-02-04,147.33058166503906,148.24505005474376,146.17280635965378,146.77686192754308,3562200
2016-02-05,144.56201171875,146.97823425672328,144.00829192020012,146.85238186527872,2371900
2016-02-08,142.57363891601562,143.14412867022048,140.62723499831694,142.8672688301211,3402000
2016-02-09,142.61561584472656,143.77337844093609,140.92090354390498,141.09707896434344,2360700
2016-02-10,142.5233612060547,144.84728476024046,142.38912374976996,143.4042641091507,1953600
2016-02-11,140.69439697265625,141.55014466875022,139.31011014797562,140.32525040565153,3439200
2016-02-12,143.5803985595703,143.5803985595703,141.53332292399202,142.2380501029861,1800300
2016-02-16,145.9882354736328,145.9882354736328,144.34387191347528,145.3086761491688,2361000
2016-02-17,148.37933349609375,148.70652929672823,146.9195299539461,147.0873331760877,2265400
2016-02-18,147.75009155273438,148.68134299350803,147.49001451278997,148.66456011305087,1646000
2016-02-19,147.7165069580078,147.82556365365596,146.5251659308439,147.0537177385586,1136900
2016-02-22,149.83074951171875,149.9649869780386,149.09246905013842,149.15118994066,2603100
2016-02-23,147.95144653320312,149.49513868168492,147.84237701348223,149.26861460287492,2076000
2016-02-24,148.6477813720703,148.87430545899554,145.64429856753677,146.6426559547669,2599800
2016-02-25,150.4347686767578,150.4347686767578,148.3541396618041,149.0840349046014,2546000
2016-02-26,150.15792846679688,151.3157040809646,149.95658509152454,151.1814666297244,2560800
2016-02-29,148.81561279296875,150.9717461426248,148.81561279296875,150.12439611829922,3128400
2016-03-01,152.48182678222656,152.48182678222656,149.61256918446782,150.0404365520125,3041400
2016-03-02,153.12789916992188,153.14466925319167,151.77716497446676,152.15469667348174,3839200
2016-03-03,153.68994140625,153.7234943606715,152.43987942749862,152.91809543870443,3150400
2016-03-04,154.18492126464844,154.9232142479447,153.15299833687536,153.90806139591234,2821000
2016-03-07,154.35275268554688,154.69673135348563,153.32082948331856,153.4047310906751,3449900
2016-03-08,152.6161346435547,153.80746347309997,152.50706509102758,153.38798094995343,3385400
2016-03-09,153.45506286621094,153.71513991989823,152.69998682478356,153.40472702376664,1641600
2016-03-10,153.5389404296875,154.69671592750007,151.8777937426944,153.84936610468148,2090500
2016-03-11,156.03065490722656,156.0558228246781,154.75543775106286,154.84772438224707,2231000
2016-03-14,155.79576110839844,156.21524350922968,155.26722198843024,155.54406910758232,1412800
2016-03-15,155.59442138671875,155.59442138671875,154.72189080370188,154.95679992953242,1325300
2016-03-16,156.52566528320312,156.82768031473822,155.09102987547828,155.10781275553688,2700700
2016-03-17,157.5156707763672,157.9267682141293,156.04748210068865,156.39984584666078,1937300
2016-03-18,158.10293579101562,158.3881807899501,157.64990036927196,158.01904698040536,2623400
2016-03-21,158.34413146972656,158.52126528673455,157.65249489396604,157.88022182545913,1535400
2016-03-22,158.25979614257812,158.74900879064242,157.48380766056658,157.6356256184358,1521600
2016-03-23,157.24765014648438,158.03208166541435,157.03678325767328,157.88025081291772,1633300
2016-03-24,157.13795471191406,157.15482766096676,156.04987472807423,156.25231150583932,1874800
2016-03-28,157.24765014648438,157.67782683664691,156.81748632661538,157.52599598415028,1271200
2016-03-29,158.7574920654297,158.7574920654297,156.57291380384515,156.87656269169327,1604900
2016-03-30,159.4237823486328,160.0226499170541,159.06109751318735,159.55874023310693,1908400
2016-03-31,159.04421997070312,159.65994760419719,158.8417960201253,159.28883273804053,3007800
2016-04-01,160.0648193359375,160.2250802084272,157.81276282058897,158.06579275579193,2971800
2016-04-04,159.55874633789062,160.17447401271,159.2719704751301,160.03952899336505,1259500
2016-04-05,157.93930053710938,158.74903505726485,157.72843364720669,158.35260427462433,1737500
2016-04-06,159.65989685058594,159.73581867821005,157.80427162851203,158.0573143565875,1860800
2016-04-07,157.77903747558594,158.9936328039987,157.10426086310179,158.715286968713,2635300
2016-04-08,158.209228515625,159.22138709103274,157.72001574894742,158.83338632080756,2043800
2016-04-11,157.79588317871094,159.40690900609624,157.7537072345345,158.79116853576082,1355300
2016-04-12,159.3309783935547,159.56714822360146,157.58500765925947,157.97299543564043,1590700
2016-04-13,160.92514038085938,160.97575923615486,160.01420691019962,160.15759482447552,1972900
2016-04-14,160.9083251953125,161.36379205772474,160.60467633027275,160.96736123752575,3214800
2016-04-15,160.73121643066406,160.97582929169354,160.44444047730937,160.93365332907155,2059700
2016-04-18,161.89517211914062,161.89517211914062,160.13232793581585,160.25041288421335,2345300
2016-04-19,162.3843994140625,162.60369637493187,161.64214374605038,162.2494414980066,1633300
2016-04-20,162.51934814453125,163.15194891130363,161.9879722522434,162.45188205526892,1636800
2016-04-21,161.61680603027344,162.63740735456486,161.41436919967305,162.53618250411841,1814700
2016-04-22,161.65899658203125,161.89516647058622,160.84083201443235,161.3553477438472,1863900
2016-04-25,161.3974609375,161.40589097656553,160.55399370055522,161.16129114077856,2368000
2016-04-26,161.63369750976562,162.08073430040704,161.22039375961106,161.70960650358157,1715300
2016-04-27,161.9710235595703,162.31684823924107,160.93356239084753,161.2793870705183,1971700
2016-04-28,160.51182556152344,162.28309912297402,160.13226786051897,161.2878139127717,1578800
2016-04-29,159.60089111328125,160.24192165841237,158.6140358698613,159.9382729011839,2785500
2016-05-02,160.87452697753906,161.0600908275255,159.70210785460154,160.09853854590975,1638900
2016-05-03,159.4997100830078,159.9720498257892,158.80806055229738,159.78648594536898,2351900
2016-05-04,158.56341552734375,159.22974900270208,158.12480894656352,158.56341552734375,2079600
2016-05-05,158.54661560058594,159.33103433932567,158.20923368785176,159.0527013399822,1611600
2016-05-06,159.12008666992188,159.1791355533442,157.72837089834596,157.90550467832452,1551400
2016-05-09,159.28883361816406,159.6430884039245,158.8755299329642,159.03579080825173,1569000
2016-05-10,161.2625274658203,161.2794004167904,159.87079859232608,159.92984748557612,1021100
2016-05-11,159.75274658203125,161.16134869663983,159.7443165399551,160.85769986808546,2725500
2016-05-12,159.8455352783203,160.50343895626406,158.87555271656305,160.37692396831093,1783200
2016-05-13,158.3694305419922,160.01420222825377,158.11640062437425,159.4996866119459,1658700
2016-05-16,159.94676208496094,160.3937988748925,158.51285689581331,158.55503284907542,1075000
2016-05-17,158.53811645507812,159.96356535481786,158.0067279473588,159.7105354657033,3327100
2016-05-18,158.51283264160156,159.58403991314137,157.54285021646106,158.150147813689,1942000
2016-05-19,157.99830627441406,158.22603318667615,156.8596202319434,157.85490550260303,1796000
2016-05-20,158.9851837158203,159.45752342688615,158.48752814067637,158.54657703970554,1588700
2016-05-23,158.77427673339844,159.22974337675095,158.58871291232813,158.97670063253796,1415400
2016-05-24,160.79019165039062,161.11070050475197,159.48281463015692,159.52499057344656,1985400
2016-05-25,161.88673400878906,162.30003777558855,161.4059641582988,161.42283711436872,2006700
2016-05-26,161.96263122558594,162.24940708365588,161.67584249722347,162.0638432060124,1225300
2016-05-27,162.59521484375,162.64582082867213,162.08069921322303,162.1060022056841,988600
2016-05-31,162.40126037597656,163.01700104493884,161.84458149226296,162.92421908593735,2821900
2016-06-01,162.70486450195312,162.83982238161636,161.63367011664207,161.84453697725647,2375500
2016-06-02,163.194091796875,163.194091796875,161.87828452789742,162.32532128286306,1601700
2016-06-03,162.7217559814453,163.00853185566223,161.59994261081573,162.66271994630335,1897100
2016-06-06,163.50613403320312,163.83508575086609,162.89039366478374,163.03378155501744,1177600
2016-06-07,163.80136108398438,164.29057370422598,163.64954313474942,163.67484612628857,1551200
2016-06-08,164.34121704101562,164.43399898784486,163.80984122762422,163.91948325911795,1041100
2016-06-09,164.088134765625,164.21466259196444,163.42180121328317,163.64954100446175,1521600
2016-06-10,162.51089477539062,163.15192549373833,162.0469850389511,162.84828952475286,1932900
2016-06-13,161.28785705566406,162.76392518685103,161.20350515719343,161.9710636742809,2318200
2016-06-14,160.93356323242188,161.48181182868726,160.09009593337385,160.95886622177014,2051200
2016-06-15,160.69740295410156,161.91199799605116,160.56244508937596,161.32156055544928,1590700
2016-06-16,161.2203369140625,161.38059775802935,159.05263267644557,159.9214029534654,2744400
2016-06-17,160.62149047851562,161.18662496122573,160.03106587377127,161.18662496122573,1701000
2016-06-20,161.65054321289062,163.00852641938624,161.57463422582825,162.41810173619092,1192800
2016-06-21,162.11083984375,162.45837991109659,161.61069723389886,162.03453857249772,1826500
2016-06-22,161.83956909179688,162.93308694763797,161.7208940388369,162.2888398590461,2245900
2016-06-23,163.9333953857422,163.97578211763204,162.75511667304585,163.1959154023941,2582200
2016-06-24,157.9571990966797,160.90714435281947,157.66899006860314,158.51667281090747,10310500
2016-06-27,155.1682891845703,156.8721264077138,154.5070978481499,156.8721264077138,7717000
2016-06-28,158.03347778320312,158.0419628882595,156.4228858450783,156.71109485554504,4475900
2016-06-29,160.75457763671875,160.941068901365,159.24570317520912,159.32199152857876,4147800
2016-06-30,162.924560546875,162.9584750874734,160.66125000970823,161.16986464182528,3822200
2016-07-01,163.263671875,163.70445750852227,162.81440113743434,162.8313454763015,2170900
2016-07-05,162.11932373046875,162.60250910000474,161.5429056769298,162.52620782323814,2233000
2016-07-06,163.0771942138672,163.1704398238196,161.03427589966222,161.6615657243067,2197800
2016-07-07,162.96694946289062,163.82310407279093,162.28032875445675,163.2297289503547,1704900
2016-07-08,165.44219970703125,165.603261459098,163.95028309374536,164.1367742872322,2048200
2016-07-11,166.0186767578125,166.493377042561,165.64569426704932,165.82370040652367,3590400
2016-07-12,167.1884307861328,167.45121031506622,166.64591445506105,166.85783509898923,2356700
2016-07-13,167.1291046142578,167.57837535774155,166.73069275726505,167.57837535774155,2767300
2016-07-14,168.10394287109375,168.51931202264163,167.74791771317157,168.33282080640467,3691100
2016-07-15,167.8495635986328,168.6294297440444,167.46810915957136,168.6294297440444,2346500
2016-07-18,168.3328094482422,168.46844176628292,167.75637856387397,167.96829921033395,1155700
2016-07-19,168.1463165283203,168.17174597086716,167.73943251296095,167.95135315725784,1003200
2016-07-20,168.824462890625,169.06181297425437,168.18870096634433,168.62101441839576,1096900
2016-07-21,168.188720703125,168.96011503274752,167.81573826090704,168.74819436645194,4509800
2016-07-22,168.96859741210938,169.01098413485173,168.09548524898662,168.3667369922364,1678900
2016-07-25,168.56175231933594,168.83300412532802,167.98532121285382,168.77367304745448,1172600
2016-07-26,168.55323791503906,168.9007909530512,167.81575804844803,168.43456284530473,1405300
2016-07-27,168.4430389404297,168.9770702583605,167.714031284027,168.9346835354487,2120100
2016-07-28,168.62948608398438,168.86684910151433,167.8241902358891,168.25651662125887,937200
2016-07-29,168.9261932373047,169.1974578871414,168.11242515701537,168.37520470241316,1758600
2016-08-01,168.73121643066406,169.29069002548462,168.33280459204423,168.9685665130832,2111500
2016-08-02,167.68011474609375,168.63800034718687,166.89177603463992,168.5108401799574,4085800
2016-08-03,168.16331481933594,168.19721643946437,167.33257637814245,167.62079835499162,2057500
2016-08-04,168.3243865966797,168.60411054950737,167.88358790120134,168.26504258967083,1384700
2016-08-05,169.68063354492188,169.72302026410586,168.84990817428067,168.97705539722193,1818600
2016-08-08,169.59588623046875,169.96885575830552,169.3585231715011,169.88409524795648,1441900
2016-08-09,169.70603942871094,170.15531013354405,169.41783047364984,169.6975672598946,1821100
2016-08-10,169.2737579345703,169.87560539930644,168.9685916496892,169.8247465075948,1222300
2016-08-11,170.10450744628906,170.2909986987272,169.5365615173595,169.7993411181733,1644700
2016-08-12,169.9349822998047,170.1299457339863,169.57047194760725,169.80783504590664,1718400
2016-08-15,170.42657470703125,170.73174093425513,170.25704078848662,170.29094239835197,1051100
2016-08-16,169.5449981689453,170.09599963920866,169.53652599910512,170.0536129207868,1731200
2016-08-17,169.82476806640625,169.98582986701368,168.80755129920658,169.5789457470564,3157700
2016-08-18,170.2316131591797,170.26551476940588,169.7484279048457,169.8501456701333,5211200
2016-08-19,169.99423217773438,170.14682174414332,169.37542761330533,169.82469827530818,1190800
2016-08-22,169.97727966308594,170.17224299476482,169.43476344066124,169.79078849900804,880300
2016-08-23,170.29092407226562,170.8164830435779,170.265494633951,170.53674628750952,1214400
2016-08-24,169.46873474121094,170.27403077112868,169.07880791749227,170.19774242752445,1161300
2016-08-25,169.3330841064453,169.71455165248864,168.9685867699642,169.09573399557135,1262600
2016-08-26,169.010986328125,170.42661493072987,168.2141624948309,169.50264386217054,2890600
2016-08-29,169.86712646484375,170.08751929835532,169.10421725032535,169.13811886524604,1140700
2016-08-30,169.5449981689453,170.01971130681557,169.07029796568548,169.77387610073504,1407400
2016-08-31,169.1295623779297,169.38386963419134,168.39207004131046,169.28213897092405,2343900
2016-09-01,169.0957489013672,169.35852848052662,168.0446305847295,169.11270617781324,2196100
2016-09-02,169.85020446777344,170.24014426071096,169.35007470249917,169.88411902434893,1555800
2016-09-06,170.38418579101562,170.41808740044272,169.4686871211795,170.12140628047732,1589600
2016-09-07,170.3756866455078,170.51130599635133,169.8077410016177,170.2315821926945,1455400
2016-09-08,169.97727966308594,170.31634745162373,169.6975429169691,170.06204014291686,2180400
2016-09-09,165.8745574951172,168.84144717706252,165.866085323915,168.75668666120302,3435600
2016-09-12,168.248046875,168.64645875082812,165.12858096638303,165.19639712978042,2799900
2016-09-13,165.84950256347656,167.32254359770718,165.28752864553368,167.10116583870618,3365300
2016-09-14,165.74725341796875,166.99039309299388,165.28745206453615,165.89200184629857,2967100
2016-09-15,167.45022583007812,167.79933192451986,165.5003507112979,165.61955608593513,1874400
2016-09-16,166.79458618164062,167.05002997676587,166.1815262703045,166.90528152442417,1774100
2016-09-19,166.84567260742188,167.97813014009557,166.58171878259026,167.42467941012032,2061400
2016-09-20,166.8627166748047,167.76527355184638,166.82865057053218,167.62052508971817,1294100
2016-09-21,168.73597717285156,168.88072565859423,166.87125392828364,167.475803949834,2238800
2016-09-22,169.7492218017578,170.0472417832774,169.42565873524094,169.6640695234912,2215200
2016-09-23,168.83815002441406,169.53636236147227,168.77855382065363,169.42566699281323,1413400
2016-09-26,167.49281311035156,168.25062154078665,167.3139985402883,168.13992618825168,2451600
2016-09-27,168.5145721435547,168.59971141951638,167.02449839389874,167.33953840053988,1468000
2016-09-28,169.42564392089844,169.5022861616023,167.8504308500089,168.74446473156755,1419900
2016-09-29,167.83335876464844,169.53629984571944,167.3480143201867,169.19571682646898,2074600
2016-09-30,169.17872619628906,169.73217698944117,168.37834160871824,168.59971932749656,3147400
2016-10-03,168.64227294921875,168.88920671067078,168.12287533890796,168.74444526848944,2136000
2016-10-04,167.85891723632812,168.99137471819063,167.2969435098561,168.80405014269994,2846600
2016-10-05,168.55715942382812,168.96586175574157,168.35280176166498,168.39537789866722,1126700
2016-10-06,168.75299072265625,168.88070613872205,167.8759768859042,168.3698314820463,1117400
2016-10-07,168.1314239501953,169.10210010823724,167.44172171291225,168.94882861359224,1795100
2016-10-10,168.9062042236328,169.4000586882071,168.13137591856804,168.13137591856804,1297400
2016-10-11,166.85421752929688,168.65082137071548,166.198581399608,168.5912121805561,2643500
2016-10-12,167.06707763671875,167.51835608419,166.53915694932027,166.99043539679153,1458700
2016-10-13,166.5306396484375,166.9819180762056,165.11719518028264,165.89203662887002,2407100
2016-10-14,166.57322692871094,167.8419100306757,166.55619387584068,167.4417177389061,1218800
2016-10-17,166.07933044433594,166.82861568027104,165.87497283867586,166.5816949417899,1323200
2016-10-18,167.05857849121094,167.53540008933714,166.73502840243336,167.48431391702564,1263300
2016-10-19,167.5183563232422,167.80785325365343,166.99895865754567,167.3054886404553,1041300
2016-10-20,167.24588012695312,167.71419162945412,166.63282015866312,167.2033039917417,1309600
2016-10-21,167.2884521484375,167.37360441676643,166.36035218874773,166.49657762869714,1376300
2016-10-24,167.96963500976562,168.29318505322058,167.69715813905376,168.05477428755384,817000
2016-10-25,167.49281311035156,168.0718069707234,167.2969654878032,167.85042925806576,1465300
2016-10-26,167.11817932128906,167.62054398042278,166.48808624535653,166.68392089355189,1202300
2016-10-27,166.6754150390625,167.79936277147,166.590262759063,167.7738066935391,1635500
2016-10-28,166.14747619628906,167.2288345939651,165.52589325189862,166.64133074457771,2632000
2016-10-31,166.14747619628906,166.6668738253158,166.01974780018725,166.4540061575575,1816300
2016-11-01,164.98947143554688,166.49656513102838,163.86552394154947,166.47954507256978,2456600
2016-11-02,163.89959716796875,165.02353171841233,163.56752411983638,164.69145867027996,3395900
2016-11-03,163.260986328125,164.3338346647304,162.96296640508467,164.155020112424,1512200
2016-11-04,163.0395965576172,164.08691481251066,162.90337112773804,163.31207340219757,2221300
2016-11-07,166.6157684326172,166.66686758459136,165.19381402432512,165.3300524447678,2699100
2016-11-08,167.38214111328125,167.89301582740913,166.05384866716904,166.30076949680208,3055900
2016-11-09,169.1702117919922,169.73218563645844,165.9686862710196,165.98571932484342,6119100
2016-11-10,169.5618896484375,170.66880425464618,168.25914040181442,169.8939627310588,5126400
2016-11-11,169.24676513671875,169.40854658203182,168.33568562570568,168.9487453172045,1954200
2016-11-14,169.2723846435547,169.85990152923753,168.6422916226577,169.69812001087126,2651000
2016-11-15,170.64328002929688,170.65179006072043,169.50231218264975,169.6896238208687,2532400
2016-11-16,170.353759765625,170.54107137823962,169.9961306160911,170.10682597153792,1195000
2016-11-17,171.16265869140625,171.25632099627782,170.39632719907172,170.47296944299424,1178200
2016-11-18,170.8560791015625,171.41805276767766,170.66875454619077,171.28181436515112,1668300
2016-11-21,172.1162567138672,172.15030981925776,171.23924308545264,171.35844844293393,2641300
2016-11-22,172.4312744140625,172.61859895056685,171.80119460255506,172.49088358131746,2773400
2016-11-23,172.58460998535156,172.6016430383839,171.80125844722838,172.11629847005707,1466300
2016-11-25,173.2742919921875,173.2742919921875,172.81450351879587,172.9166758479024,1843100
2016-11-28,172.4569091796875,173.16363158090212,172.29514062343188,172.90820070659603,2193000
2016-11-29,172.7293243408203,173.14654960702788,172.1418075551601,172.4313044374706,1689600
2016-11-30,172.33767700195312,173.43608156049382,172.26104775156548,173.2998431204184,2360100
2016-12-01,171.66497802734375,172.6016008288828,171.34993808155767,172.57604475937762,3284100
2016-12-02,171.78421020507812,172.19291249482836,171.44362712902154,171.74163407246817,2118900
2016-12-05,172.77191162109375,173.10398465280502,172.3546863279546,172.5420109091672,2070500
2016-12-06,173.3764190673828,173.38494208752516,172.5419816151853,172.9932599408315,2413300
2016-12-07,175.57321166992188,175.6753969631118,173.1039524567089,173.23166783268564,2253900
2016-12-08,176.0330810546875,176.4843595474606,175.3604118347637,175.61585567786878,2983000
2016-12-09,177.10589599609375,177.13143907631567,176.2373922913147,176.271458393218,1972000
2016-12-12,176.91004943847656,177.46350012913047,176.54391032599904,177.03776483096277,2419600
2016-12-13,178.11917114257812,178.55341655480967,177.50611115330256,177.55719732034007,2670200
2016-12-14,176.64608764648438,178.45971109984848,176.23737242418545,177.82110818146728,4232900
2016-12-15,177.30174255371094,178.15321326490331,176.74829178840068,176.86749716827114,2812500
2016-12-16,176.99520874023438,177.82113635157552,176.72274487461482,177.80411629225733,3074000
2016-12-19,177.39540100097656,177.7870832362842,177.04629489878675,177.19105634986968,2042000
2016-12-20,178.07659912109375,178.2213475951826,177.68491684406686,177.88927450935216,3195300
2016-12-21,177.59121704101562,178.1276346472135,177.59121704101562,178.00842929112406,1546600
2016-12-22,177.36500549316406,177.5620776198059,176.92804505209003,177.49353249840593,1863700
2016-12-23,177.51925659179688,177.54495938120127,177.15940446648898,177.33932399231958,1278900
2016-12-27,177.95623779296875,178.34179275254564,177.7677419329715,177.7677419329715,1818500
2016-12-28,176.55108642578125,178.27325187299095,176.42257247016005,178.213269977936,2228000
2016-12-29,176.516845703125,176.9024006989141,176.0798720440678,176.5853908471663,1772700
2016-12-30,175.90853881835938,176.8681448136394,175.2231003615946,176.81673921727096,4251000
2017-01-03,177.1337432861328,177.6392490280253,176.1227187286981,177.08232462159904,4750200
2017-01-04,178.1790008544922,178.36748362824875,177.45928349456486,177.52782862758875,4622400
2017-01-05,178.04188537597656,178.2475076722828,177.36501045424717,177.9990430396976,2772100
2017-01-06,178.7358856201172,179.1471432837218,177.69915861289525,178.2046772598927,2194600
2017-01-09,178.17044067382812,178.6245407817854,178.11903508781765,178.5045900565448,1705200
2017-01-10,178.1447296142578,178.9158525895777,177.79344069462257,178.12759006183347,2189400
2017-01-11,178.65023803710938,178.65023803710938,177.4592940614047,178.07618722170548,5677600
2017-01-12,178.25613403320312,178.37608476427582,176.96236571200905,178.18758889064026,3244600
2017-01-13,178.60740661621094,178.88157408768478,178.32466283167207,178.36749210240538,2822700
2017-01-17,177.97337341308594,178.3932074690115,177.63922404568328,178.03334223613362,1690000
2017-01-18,178.35037231445312,178.40177790017995,177.71633958530893,178.22184527648753,1980500
2017-01-19,177.75057983398438,178.58165841096934,177.33074585291314,178.44458123687997,1666900
2017-01-20,178.32464599609375,178.81301206971952,177.83626684882125,178.33320923470237,2082500
2017-01-23,177.9134063720703,178.3932223647559,177.21084154738077,178.07619944966822,4586600
2017-01-24,179.04437255859375,179.41278796937195,177.99908207763704,178.0933300086626,1940100
2017-01-25,180.53518676757812,180.58659234918883,179.74692427072267,179.90971732825483,2873000
2017-01-26,180.39808654785156,180.69795678191855,180.14104558033222,180.48375815459354,2485100
2017-01-27,180.1410369873047,180.57799745969115,179.9525411583585,180.48374954521807,1428200
2017-01-30,179.05288696289062,179.51556325215114,178.11042098333428,179.48128415550119,2782300
2017-01-31,179.04437255859375,179.04437255859375,178.033348109988,178.50458776511573,3787100
2017-02-01,179.070068359375,179.80691222580927,178.5302835869732,179.60127681878765,2698800
2017-02-02,179.14715576171875,179.4127599603309,178.41031198154644,178.7187585191452,1661300
2017-02-03,180.4752197265625,180.55232810532465,179.7298125845647,179.9954168271778,4264400
2017-02-06,180.09823608398438,180.38954313259578,179.78978948144024,180.02969094190246,1345500
2017-02-07,180.1410369873047,180.64654258600305,179.9182751320256,180.48374954521807,1194600
2017-02-08,180.37240600585938,180.44951438353183,179.60985932147457,180.14106779919368,1096100
2017-02-09,181.40057373046875,181.67474123435815,180.37242271199682,180.37242271199682,1237100
2017-02-10,182.1288604736328,182.32591959922527,181.64904444707082,181.75186870387336,1412400
2017-02-13,183.0970001220703,183.3540411121908,182.55722842382988,182.59149445481032,1756300
2017-02-14,183.85955810546875,183.85955810546875,182.63434804931492,182.9684974349613,2528100
2017-02-15,184.79342651367188,184.97335910623613,183.61962226381434,183.6453250522312,2050200
2017-02-16,184.64779663085938,184.9819459966498,183.97949789927844,184.84486879878165,1920100
2017-02-17,184.9305419921875,184.9305419921875,184.0309050539481,184.07374739836862,1452600
2017-02-21,186.0186309814453,186.19856355618006,185.28178728133443,185.34176916412767,1893000
2017-02-22,185.9329833984375,186.08721321806453,185.53886522072486,185.68451872758803,1471400
2017-02-23,186.0358123779297,186.38708822171918,185.3246713037204,186.38708822171918,1717200
2017-02-24,186.25852966308594,186.28423244858303,185.20467623677135,185.25608180776553,1637700
2017-02-27,186.53277587890625,186.6955558865408,185.94158545683305,186.19862647603654,1942200
2017-02-28,185.9844207763672,186.42138134094367,185.684537419689,186.215745918623,2181000
2017-03-01,188.62335205078125,189.06032572435788,187.5266558569789,187.55235865264225,3325500
2017-03-02,187.51805114746094,188.51193593881635,187.42380322632124,188.48623314883707,1657100
2017-03-03,187.6208953857422,187.71514332349818,187.04684451891902,187.3809939212086,1765900
2017-03-06,187.0382537841797,187.33812403394137,186.46420300174148,186.84119469734804,1530600
2017-03-07,186.4727325439453,187.0639227712558,186.28423673020444,186.76403950203758,1743200
2017-03-08,186.07864379882812,186.95257794603057,185.9844089441146,186.73837929735876,1784400
2017-03-09,186.27569580078125,186.64411116125785,185.4617436386836,186.2071506717898,1636200
2017-03-10,186.92691040039062,187.26105983237883,186.14722403453467,187.25249659133058,1819900
2017-03-13,187.0382537841797,187.13250170808135,186.66126208857312,186.9354295476023,1388100
2017-03-14,186.40420532226562,186.61840394266235,185.83015458843994,186.58413791580324,1428400
2017-03-15,187.95506286621094,188.36633376523966,186.66987072245988,186.89264572784643,3358800
2017-03-16,187.63804626464844,188.19495761085975,187.3381628790577,188.1606915739937,1710900
2017-03-17,187.2610321044922,188.01501556191002,187.2610321044922,187.8950648367434,1588500
2017-03-20,187.09825134277344,187.54378823998314,186.7641019382785,187.28674721952947,1035900
2017-03-21,184.707763671875,187.74938682406508,184.56211017272153,187.6379993532108,3468700
2017-03-22,185.0847930908203,185.36023567311005,184.16375281422472,184.70604804752685,2600300
2017-03-23,184.89544677734375,185.94559886098435,184.5855656193112,184.89544677734375,2436700
2017-03-24,184.8351593017578,185.73037724475884,184.1035046828595,185.1880820126419,2647600
2017-03-27,184.53390502929688,184.82656689373204,183.01892477207554,183.23411963729882,2082900
2017-03-28,185.90255737304688,186.32434407393666,184.2498622406625,184.34454851496622,3057200
2017-03-29,186.1779327392578,186.3328798296238,185.48070366873245,185.6872954110709,1748500
2017-03-30,186.6772918701172,186.90110300120716,185.9111984520957,186.07474869882884,2494800
2017-03-31,186.22967529296875,186.88386307313817,186.22967529296875,186.4104316571483,1331400
2017-04-03,185.99722290039062,186.52229888396843,184.84378160349902,186.36735175491253,2843700
2017-04-04,186.10052490234375,186.14356650414857,185.3516509418606,185.67875135423384,2481600
2017-04-05,185.5324249267578,187.58968759794243,185.36027163761827,186.69448261374436,2311800
2017-04-06,186.01441955566406,186.51366001167028,185.25692953780583,185.67871614037693,1635500
2017-04-07,185.8509063720703,186.47927173407174,185.411900417773,185.80786476986134,1835900
2017-04-10,185.97999572753906,186.68584114259974,185.49796136332756,185.97999572753906,1311900
2017-04-11,185.74754333496094,185.825023447455,184.42194910653808,185.60982864102965,1787300
2017-04-12,184.98150634765625,185.66152949711042,184.74048914225423,185.48937622674507,2002700
2017-04-13,183.75059509277344,185.2741784371385,183.75059509277344,184.63719689892116,1806800
2017-04-17,185.3602752685547,185.36889147057556,184.03468046831424,184.20683376082602,1746900
2017-04-18,184.85240173339844,185.27418842617578,184.18959782602064,184.68024845646286,2695900
2017-04-19,184.44776916503906,185.67007407437487,184.2583966869569,185.3343707058562,2032400
2017-04-20,185.95416259765625,186.35872994436542,184.74046055752873,185.0503416500198,2734000
2017-04-21,185.41192626953125,185.94561856931915,185.00735879437397,185.90257696110893,2594400
2017-04-24,187.39170837402344,187.6069032649294,186.9871409283639,187.4347499790954,2366400
2017-04-25,188.5193328857422,188.8206109953978,187.89957053147376,188.00287301348794,1745100
2017-04-26,188.38157653808594,189.2853843985785,188.3471380068674,188.4762627972601,2824500
2017-04-27,188.52792358398438,188.82058545211646,188.05449224762222,188.68285758436522,1154200
2017-04-28,188.16639709472656,188.80336549545794,188.02005302674263,188.79476242917457,1257600
2017-05-01,188.62258911132812,189.00133413877307,188.20940555350583,188.64841144188566,1506700
2017-05-02,188.68283081054688,188.83777792339336,188.31270199474508,188.76029779974485,2573000
2017-05-03,188.49351501464844,188.6570652417961,187.8565465103317,188.32136171981836,1654600
2017-05-04,188.66561889648438,188.8119629499385,187.91674503615945,188.74309902315156,1439100
2017-05-05,189.4231414794922,189.4231414794922,188.61400661888604,188.99275171401686,1729700
2017-05-08,189.43173217773438,189.58666616790921,189.00134247020222,189.483376841126,2225000
2017-05-09,189.1907196044922,189.79327575912004,188.88945466163105,189.62110935239622,1636900
2017-05-10,189.54359436035156,189.56081362355482,188.98409308351503,189.1648493765763,1066900
2017-05-11,189.1563262939453,189.3112603249378,188.18364109564254,189.14772322593072,1855700
2017-05-12,188.8636016845703,189.02715186375042,188.61396831599524,188.94106867435545,1056500
2017-05-15,189.819091796875,189.99124506343568,189.2251518629562,189.26819346320946,1440600
2017-05-16,189.78463745117188,190.18060175227916,189.37146701895867,190.1289570900589,2452500
2017-05-17,186.4189910888672,188.57093947488937,186.2898663050355,188.17497519270304,3507700
2017-05-18,187.09896850585938,187.85645840920867,186.04021376145855,186.21236697555204,2894500
2017-05-19,188.26107788085938,188.91526552956466,187.50358776749914,187.54662936656771,2436500
2017-05-22,189.31117248535156,189.41447492586963,188.70862964253317,188.73445196905044,1865000
2017-05-23,189.68138122558594,189.83631523928221,189.28541685538403,189.63833962140802,1259000
2017-05-24,190.1375732421875,190.232259507592,189.61249724939026,189.92237837849112,1453900
2017-05-25,191.02418518066406,191.29964092536983,190.41303909058396,190.60239849700315,1564600
2017-05-26,191.0327911376953,191.15331287866726,190.80899319257531,190.88646019652612,1196000
2017-05-30,190.85202026367188,191.06721512567452,190.59378380237828,190.71429239972167,1511700
2017-05-31,190.80897521972656,191.16189793930815,190.16339064537328,191.1274594067163,2326200
2017-06-01,192.29812622070312,192.3411678206183,190.97253163070047,191.21354882888278,2112900
2017-06-02,192.90066528320312,193.09003779851287,192.10013362585724,192.36697313348884,1857600
2017-06-05,192.7715606689453,193.05561947163744,192.65105206790494,192.80599920321538,1831200
2017-06-06,192.22064208984375,192.77154037008333,192.12595583225018,192.27228675135825,1449400
2017-06-07,192.53909301757812,192.75428782636985,191.89350859120302,192.54770921597702,1328800
2017-06-08,192.60801696777344,193.08144832157183,192.16042108277574,192.65967477092198,1116100
2017-06-09,192.38417053222656,193.61507860738243,191.17908478490966,192.91784948683124,2117600
2017-06-12,192.3067626953125,192.36701043398358,191.53205321852226,192.13460941195476,1812100
2017-06-13,193.24497985839844,193.30524072235653,192.50470903155838,192.80598708244565,2170700
2017-06-14,193.0384063720703,193.53766005931797,192.28092934180904,193.52045392608562,1886000
2017-06-15,192.65101623535156,192.75430555004536,191.53200049985193,191.8332785136422,2170900
2017-06-16,192.70269775390625,192.86624795642288,191.9021791430017,192.8146032891971,1603600
2017-06-19,194.27796936035156,194.33823024193538,193.3483257383763,193.44301202768273,1433100
2017-06-20,193.0039520263672,193.98523998601365,192.96951349616154,193.98523998601365,1366000
2017-06-21,192.926513671875,193.4171511572999,192.50472698817936,193.3052587536502,1422000
2017-06-22,192.81460571289062,193.38272332842047,192.70270017619313,192.96093665002056,1344400
2017-06-23,193.14315795898438,193.38526679025193,192.58112242795795,192.92698841721395,1257400
2017-06-26,193.2037353515625,194.07705574752174,193.0308023179199,193.6879531233397,1321700
2017-06-27,191.66458129882812,193.27288334840324,191.63864200721747,193.00483520579786,3476700
2017-06-28,193.35935974121094,193.54959002520297,192.39092425466526,192.58979657195005,2875800
2017-06-29,191.69052124023438,193.61875002217252,190.59237618053686,193.5236348879634,4613000
2017-06-30,192.01046752929688,192.74544938615168,191.83753450237344,192.45146192098744,2982300
2017-07-03,192.43411254882812,193.28149338704256,192.36493671800278,192.90103291447343,1762500
2017-07-05,192.77134704589844,192.9702193242109,191.9585474815675,192.684873954141,2043800
2017-07-06,191.04200744628906,192.17473379995087,190.85177718296268,192.09691592693804,2540700
2017-07-07,192.25254821777344,192.40819715494428,191.42246453266992,191.5435189531618,2148000
2017-07-10,192.45147705078125,192.8146403940542,191.99318536218595,192.13153707217904,1800100
2017-07-11,192.30441284179688,192.61569749960387,191.28409897083807,192.32171009888097,1638700
2017-07-12,193.74842834472656,193.9300033572553,193.22961620676296,193.22961620676296,1492100
2017-07-13,194.0769805908203,194.21533224173535,193.59276300655736,193.82622976823401,1485500
2017-07-14,194.95899963378906,195.33080493589713,194.0251455714077,194.1375579622509,1642400
2017-07-17,194.98492431640625,195.29620898054486,194.84657264480205,194.94168776978722,1176200
2017-07-18,195.1319580078125,195.1492552687931,194.31915826299922,194.66503751289014,3146500
2017-07-19,196.160888671875,196.160888671875,195.38268360241076,195.3999676660403,1255300
2017-07-20,196.2214813232422,196.49818477020438,195.76320278391432,196.39442757456683,1698100
2017-07-21,196.0830535888672,196.09169561992323,195.51236288459418,195.72853240646057,2461700
2017-07-24,196.01393127441406,196.13498571195197,195.60753140683454,195.9966340136389,1278200
2017-07-25,196.48080444335938,196.7920890926219,196.2992294277551,196.72291326012567,1349500
2017-07-26,196.54135131835938,196.7921021831397,196.26464796996828,196.77481811932162,1574100
2017-07-27,196.30787658691406,196.95638519032252,195.1146165345813,196.9304459017015,1834500
2017-07-28,196.0830535888672,196.21275002441078,195.4950656285415,195.8841681291129,2364100
2017-07-31,195.97061157226562,196.54130219021405,195.79767861971902,196.48076840015653,3020000
2017-08-01,196.4116668701172,196.55867378902042,196.00526702125185,196.54137652904177,1674500
2017-08-02,196.5240478515625,196.64510226417352,195.668011737708,196.5499871404119,1889300
2017-08-03,196.17822265625,196.4376155986716,195.89287722564208,196.4376155986716,1266400
2017-08-04,196.50677490234375,196.79212030892597,196.14361161958723,196.59324800516615,1039800
2017-08-07,196.82675170898438,196.85269100590295,196.45493312990848,196.5673455458528,848500
2017-08-08,196.4375457763672,197.68268423319213,196.0484433070943,196.57589742577875,1064700
2017-08-09,196.32518005371094,196.41163995386867,195.41726534143365,195.71990797683998,1536600
2017-08-10,193.6273956298828,195.7199286211199,193.55823298003816,195.6248134851546,3043300
2017-08-11,193.88677978515625,194.39694992606428,193.57549512034018,193.80031988567168,1584300
2017-08-14,195.78907775878906,195.99660527583015,195.03681194967123,195.03681194967123,2201900
2017-08-15,195.806396484375,196.16955978355585,195.50376699869614,196.14362049032462,1309700
2017-08-16,196.11770629882812,196.61922135539515,195.73724569081554,196.23876074738257,1531400
2017-08-17,193.0653839111328,195.84964929660453,193.0653839111328,195.58160111500015,3396200
2017-08-18,192.7108154296875,193.92137275832167,192.34765218927973,192.90104567855943,2691100
2017-08-21,192.9442901611328,193.1345204178293,192.06231471589837,192.69353929218312,1281300
2017-08-22,194.8984375,195.07138367429857,193.41984534490823,193.4457846322649,1455700
2017-08-23,194.23265075683594,194.60445601618494,193.91271087983262,194.0856570593765,1462900
2017-08-24,193.78302001953125,194.6995767441674,193.5841477400581,194.58716436301492,1345100
2017-08-25,194.20669555664062,195.05407635242418,194.09428318793567,194.50932495816477,1220800
2017-08-28,194.27589416503906,194.73418575541558,193.85221028566176,194.69094920606582,801000
2017-08-29,194.42291259765625,194.69096074799614,192.95294899627473,193.03942210010064,1397400
2017-08-30,195.39134216308594,195.62480898125168,194.28455507584925,194.43154879278538,1377800
2017-08-31,196.54135131835938,196.78346015123066,195.89284268875235,195.9620185258501,2202700
2017-09-01,196.8785858154297,197.24174908417402,196.72293687514352,196.9391064299158,1393700
2017-09-05,195.42593383789062,196.58461276359984,194.53531626261392,196.36844319301923,2222300
2017-09-06,196.10897827148438,196.40296563278332,195.58152414965298,196.07438376195535,1523300
2017-09-07,196.0658416748047,196.39442371312518,195.71132033808485,196.39442371312518,1620300
2017-09-08,195.76312255859375,196.2646374552279,195.63342611719747,195.80635910370623,1896900
2017-09-11,197.89889526367188,198.01994968382348,197.0082777738545,197.01693299997106,2007200
2017-09-12,198.625244140625,198.63388617319794,198.123729178594,198.28802015508,1535000
2017-09-13,198.74632263183594,198.74632263183594,198.25344964269766,198.33126752710544,1155800
2017-09-14,198.6771240234375,198.82411774179621,198.2793662254517,198.41771791118092,1857300
2017-09-15,198.95382690429688,198.98842142490955,198.43502784060098,198.54742704773267,1419700
2017-09-18,199.29965209960938,199.654160079128,198.97971224344255,199.27371281315536,1325200
2017-09-19,199.54177856445312,199.61095439910022,199.2564331942618,199.55906262765885,1302400
2017-09-20,199.65126037597656,199.70340467394396,198.70393693218122,199.6164886696514,1850500
2017-09-21,199.08636474609375,199.52960458177742,198.9125327212563,199.4948328722013,1899900
2017-09-22,199.06031799316406,199.25152264840233,198.78221057015105,198.8082827266359,1599200
2017-09-25,198.7648162841797,199.19936988920043,198.0347694105105,198.8691181672207,1523300
2017-09-26,198.83436584472656,199.30369121037558,198.61708902102515,199.10378698427235,2335000
2017-09-27,199.60781860351562,199.94676982938344,198.67788093727162,199.48614414452516,2103600
2017-09-28,199.84249877929688,199.90332938337482,199.27757117887919,199.3384150444797,1084700
2017-09-29,200.55517578125,200.61601965171667,199.66869597191786,199.81644260680653,1726200
2017-10-02,201.39817810058594,201.39817810058594,200.68551719746898,200.7637336511913,1960600
2017-10-03,201.8066864013672,201.85014441307186,201.34606065264887,201.54595159266245,1316400
2017-10-04,202.0847625732422,202.3107256182227,201.61543736860222,201.73711181767177,1006700
2017-10-05,203.28414916992188,203.3102213224855,202.2933675879374,202.38028360416428,1471800
2017-10-06,203.09298706054688,203.1103729197364,202.65843341148388,202.9017956555621,1101500
2017-10-09,202.73660278320312,203.31020335042044,202.48455431533887,203.30151705417447,768300
2017-10-10,203.24937438964844,203.58832560726373,202.75397700769935,203.23198853549553,1027600
2017-10-11,203.57965087890625,203.57965087890625,203.0234228680973,203.14509733103918,1036400
2017-10-12,203.26681518554688,203.60576649477858,203.0582246638948,203.25811562535844,1079400
2017-10-13,203.4927520751953,203.779559032427,203.38846345857397,203.6926430108939,1067900
2017-10-16,203.8143310546875,203.97077725155913,203.40584959702534,203.7274282888911,1767300
2017-10-17,203.9446563720703,203.9707285217328,203.56224716165931,203.77952391652732,1332100
2017-10-18,204.127197265625,204.31840190440712,203.96206478108377,204.2923297501662,1527800
2017-10-19,204.23155212402344,204.23155212402344,203.0408659715443,203.39720318730545,1653600
2017-10-20,205.24835205078125,205.2744242049087,204.70081029105881,204.93547293972884,1296300
2017-10-23,204.5009307861328,205.53517049607373,204.37055674668534,205.53517049607373,1101000
2017-10-24,204.78773498535156,205.01369808453344,204.47485586104858,204.83117973638858,1818400
2017-10-25,203.80563354492188,204.59652426084682,202.7540080229035,204.50092194066332,1943400
2017-10-26,203.99684143066406,204.5965275157624,203.95338341870325,204.3271064077381,3298200
2017-10-27,205.735107421875,205.874167790421,204.50097648946405,204.7877835265177,2825000
2017-10-30,204.98764038085938,205.64815712916584,204.7008333915682,204.78774942281686,1292500
2017-10-31,205.22230529785156,205.51779858888577,205.02240107610086,205.3352802258796,1357600
2017-11-01,205.5785675048828,206.31731377228365,205.22224370746795,206.0044347164048,2078300
2017-11-02,205.66551208496094,205.77850025630198,204.51829756169823,205.50037960731558,1908100
2017-11-03,206.35211181640625,206.36081137559938,205.40478817097693,205.83065546422205,1934200
2017-11-06,206.66493225097656,206.75184824908953,206.1608618987834,206.1869340459134,1688600
2017-11-07,206.57809448242188,207.03872024194303,206.07401071017685,206.7519132717938,1502700
2017-11-08,206.88226318359375,206.9517933479957,206.10875833921594,206.334734688903,4711000
2017-11-09,206.13478088378906,206.27384117912607,204.65730171501264,205.7436854069835,1644100
2017-11-10,206.0131378173828,206.13481227895426,205.45690981283875,205.73503044587162,1019000
2017-11-13,206.25650024414062,206.43031900922935,205.37869359893173,205.39607945389713,900000
2017-11-14,205.75241088867188,205.84801319607197,204.79638781467085,205.49167611744238,2763300
2017-11-15,204.70077514648438,205.3178469651108,204.0837165893786,204.88329345556338,2436200
2017-11-16,206.4477081298828,206.78665939047323,205.5438425221493,205.5612283785065,1072300
2017-11-17,205.89144897460938,206.31731619112418,205.79584667137223,206.12611158464983,1370500
2017-11-20,206.16090393066406,206.38686700569977,205.85671113676955,206.08267421180526,1420400
2017-11-21,207.53404235839844,207.7165606526179,206.84745370428058,206.8995979993377,1151500
2017-11-22,207.38629150390625,207.6730983823421,207.22985862195182,207.59488194136486,2143500
2017-11-24,207.82086181640625,207.9599221193184,207.70788692412046,207.82086181640625,1219300
2017-11-27,207.76011657714844,208.17728439575103,207.56891189747103,207.88179107680443,2654000
2017-11-28,209.81980895996094,209.87195325777256,208.09898082457565,208.22934156910472,1800500
2017-11-29,209.74159240722656,210.48032539505175,209.315725206113,209.97625500878058,2442100
2017-11-30,211.49722290039062,212.4097747669303,210.52381390841427,210.58465777232877,5451700
2017-12-01,211.10609436035156,211.81008220125855,208.1685215878706,211.41028712845412,3775600
2017-12-04,210.88014221191406,212.9920793208297,210.83668420543432,212.670500682097,2162000
2017-12-05,210.1326904296875,211.69708568966425,210.00232968365628,211.11478558819076,1886300
2017-12-06,210.12403869628906,210.54989271105174,209.74162942966922,210.08926698394765,1204800
2017-12-07,210.81935119628906,211.11484447739952,209.93285809143362,210.0545325755099,2670000
2017-12-08,211.96653747558594,211.99260962857278,211.36685143384332,211.58412821641542,1685700
2017-12-11,212.65313720703125,212.67922262288167,211.97523467147363,212.07953655030613,2513300
2017-12-12,213.01812744140625,213.43529508120247,212.66179039460187,212.87906714096744,1855000
2017-12-13,212.96597290039062,213.62650270607472,212.90514230653676,213.24409350520926,1808300
2017-12-14,212.12301635742188,213.34844752129274,212.0621724833908,213.27891734876772,1932900
2017-12-15,213.90467834472656,214.27840136908364,212.99212631491716,213.0616432267968,3170800
2017-12-18,215.23439025878906,215.5472693775917,215.0605714731261,215.12141534194595,2089600
2017-12-19,214.45220947265625,215.49513549863795,214.34792084851526,215.4690633426027,3170300
2017-12-20,214.2870635986328,215.33868911865503,214.03502835218555,215.29523110746808,2570000
2017-12-21,214.72161865234375,215.37344904002546,214.51304141566044,214.8606789844814,2262400
2017-12-22,214.6781463623047,214.78244823523227,214.1827621966074,214.74767652374896,1888500
2017-12-26,214.42835998535156,214.57683152351802,214.18383900838566,214.53316420790398,1492300
2017-12-27,214.5506591796875,214.84758898419395,214.28868188952922,214.57687023409957,1379100
2017-12-28,214.95245361328125,215.0135905522145,214.62933929435056,214.94372547574827,2346700
2017-12-29,214.21005249023438,215.50253583543812,213.98300108789064,215.493794376436,2326700
2018-01-02,215.78196716308594,215.78196716308594,214.60302959197963,214.96106959964362,2784300
2018-01-03,217.0657958984375,217.18805643608565,215.86064679490642,215.91305558995495,2917700
2018-01-04,218.0176239013672,218.42807273723187,217.59844693137188,217.68578157426057,2918000
2018-01-05,219.41490173339844,219.54589037442423,218.2796179847236,218.72500601500292,2190200
2018-01-08,219.86903381347656,219.96509659898106,219.08306193424067,219.33632442575106,2476200
2018-01-09,220.3318634033203,220.89077048375069,219.9912796093924,220.22705916452995,2129800
2018-01-10,219.9563446044922,220.21833521835686,219.0393974440601,219.64195853293384,1953600
2018-01-11,221.58062744140625,221.58062744140625,220.3580225810402,220.48028306707678,2280300
2018-01-12,223.04782104492188,223.17880969572326,221.7291397750027,221.8426721559618,2054900
2018-01-16,222.23561096191406,224.7856250611677,221.6417780858963,224.2529290946547,3719600
2018-01-17,224.38394165039062,224.74199503608784,222.46269940638473,223.12639739601707,1867700
2018-01-18,224.0782470703125,224.67207991252926,223.58046366545997,224.29657031972636,3154200
2018-01-19,225.03013610839844,225.03887756673836,224.02585447844933,224.5672918797721,2541200
2018-01-22,226.83790588378906,226.8641036134321,224.82934220904292,224.82934220904292,1607800
2018-01-23,227.35316467285156,227.60642718110088,226.62834299160804,226.91651804177116,2161100
2018-01-24,227.23959350585938,228.47968145285478,226.20037256916902,227.95570025481743,2935500
2018-01-25,227.3443603515625,228.12160393236059,226.64573659532053,228.07794994164095,3585600
2018-01-26,229.99044799804688,229.99918945691877,227.90329143843968,228.2176641483564,2857300
2018-01-29,228.40110778808594,229.89443167692767,228.34871232888398,229.52763681172095,5145000
2018-01-30,225.96458435058594,227.36185860812915,225.71132189527623,226.76802571017996,6678900
2018-01-31,226.1741943359375,227.38808466019677,225.26598860857064,226.90775741609988,5585800
2018-02-01,225.9471435546875,227.16100716006036,225.26597597197681,225.56289244128234,3125700
2018-02-02,221.109130859375,224.87302281797332,221.02179619996605,224.7594904258213,5532200
2018-02-05,212.02684020996094,221.35361807726602,211.2670794257594,219.42363433270606,8559200
2018-02-06,215.9478759765625,216.41072016624355,207.55553033525123,208.54235561627326,11701700
2018-02-07,214.76902770996094,218.5678591221836,214.7602995735826,215.45020878404281,6240200
2018-02-08,206.78707885742188,215.20562427949935,206.7084856721187,215.04843790889305,6985700
2018-02-09,209.9745635986328,211.51155442693278,202.97075025613572,209.24100070276643,9713100
2018-02-12,212.8564453125,214.2362498819841,210.16670121412022,211.77355717147105,4236200
2018-02-13,213.5725555419922,213.9568066329063,211.31072964139625,211.88710627776746,3077700
2018-02-14,216.36709594726562,216.68148199960652,212.07049544887002,212.21022554444272,3650800
2018-02-15,219.17041015625,219.17041015625,215.68596525762072,217.9740026562078,2923800
2018-02-16,219.14413452148438,220.94311586245175,218.47169522035819,218.55902984532264,3007500
2018-02-20,217.81675720214844,219.64193653109442,217.1006638097397,218.3232687847765,3454400
2018-02-21,216.67276000976562,220.4541208790333,216.67276000976562,218.20102299426568,2798000
2018-02-22,216.9347381591797,219.1092294097325,216.4107569787071,217.5984361057693,3177700
2018-02-23,220.49778747558594,220.49778747558594,217.71198025522514,218.16609641452234,2923100
2018-02-26,223.03904724121094,223.12638187934516,220.9344210462832,221.43219117254253,1892000
2018-02-27,220.19212341308594,223.85995179652605,220.19212341308594,223.2399211529263,2947100
2018-02-28,217.74688720703125,221.65924968899864,217.74688720703125,221.2662571538041,2716600
2018-03-01,214.87371826171875,219.2227131230547,213.476444307483,217.91277378798068,5182300
2018-03-02,216.01780700683594,216.4544536078907,212.49843646836615,213.2931364803811,3276500
2018-03-05,218.49794006347656,219.01317981586058,214.78644423375488,214.8475811494932,3024600
2018-03-06,219.04812622070312,219.41490775103046,217.6508518262595,219.3887100221068,1932000
2018-03-07,218.95205688476562,219.25771481358603,216.89108454362832,217.04827091246457,2730200
2018-03-08,219.97384643554688,220.08737882745191,218.63770876696478,219.54592792601085,3021600
2018-03-09,223.78131103515625,223.79005249261857,220.98677635267376,221.29242087982777,2450800
2018-03-12,223.5630340576172,224.65465043485165,223.19625255391384,224.12195443514065,2029200
2018-03-13,222.0872039794922,225.05639569537658,221.5632360254289,224.61103426101062,3080600
2018-03-14,220.91700744628906,223.13516656791776,220.47163265986944,222.97798016991024,2352700
2018-03-15,220.70733642578125,221.99981966162764,220.2619617923844,221.42344308283617,2161500
2018-03-16,220.9344482421875,221.88633461820635,220.91697864733126,221.14403007887626,1554600
2018-03-19,217.98269653320312,220.29691797441023,216.46316170505105,220.28818984033992,2715800
2018-03-20,218.36692810058594,218.8996373899131,217.73815604349835,218.31453265006104,1991400
2018-03-21,217.8604278564453,220.17464921083692,217.72069776418903,218.27087667407628,2777300
2018-03-22,212.44601440429688,216.64655204835907,212.23641926489475,215.7994566823604,3589400
2018-03-23,207.92234802246094,213.1621065479065,207.77388979662072,212.85646196249252,3815500
2018-03-26,213.6457977294922,213.8914371286053,209.07513790867577,211.26835639100236,5529000
2018-03-27,209.943603515625,214.97045556293298,208.59258708012723,214.47040880595483,3363600
2018-03-28,209.35580444335938,211.6192068913449,208.38201517371837,210.07518633009394,4384100
2018-03-29,212.37374877929688,213.71599751495987,209.74188641347234,210.41740150221034,2910800
2018-04-02,207.46090698242188,212.04034798065388,205.21505352769435,211.5929362551135,4696400
2018-04-03,210.09275817871094,210.54895132141638,206.97838559647997,208.62768999879376,3287900
2018-04-04,212.51406860351562,213.01411537592872,206.7766024828656,206.9257397092464,4598000
2018-04-05,214.04931640625,214.83886955996587,213.0053424590798,213.97035038180576,3436600
2018-04-06,209.33827209472656,213.62820606388345,207.8995215897791,212.25087208976248,4931600
2018-04-09,210.189208984375,213.40008292058795,209.95235111015003,210.6804876089967,2956000
2018-04-10,213.65455627441406,214.39148782529531,211.92631250270193,212.9615051548381,2903800
2018-04-11,212.5228271484375,214.04931171669773,212.2596383075181,212.30350534539474,2068300
2018-04-12,214.3037872314453,215.15475716862636,213.59318650554758,213.80374032247255,1723600
2018-04-13,213.70721435546875,215.67232954913715,212.7421928683328,215.67232954913715,2887700
2018-04-16,215.44419860839844,216.11971352072229,214.4177741601442,215.17224171010128,2149200
2018-04-17,217.76022338867188,218.27781960858056,216.58466178830105,217.05839097224424,2301800
2018-04-18,217.8831024169922,218.63757012758734,217.51464330991226,218.14629131814743,1365100
2018-04-19,216.68995666503906,217.4707418033987,215.77758379012388,217.23387049125728,1997100
2018-04-20,214.93540954589844,216.8040359614987,214.0318046093272,216.64611727113797,2103900
2018-04-23,214.83888244628906,215.8828564560782,213.83877547796882,215.41789526645908,1472600
2018-04-24,211.90875244140625,215.91794848784482,210.55772248744026,215.78636074586072,3653500
2018-04-25,212.4526824951172,212.85624057855355,210.1980608969835,211.87366961353837,2354800
2018-04-26,214.6371307373047,215.3477313638006,212.97905814669997,213.37383478515957,2106800
2018-04-27,214.86517333984375,215.43541803551767,213.96156862031083,215.13713022233657,2178600
2018-04-30,213.11065673828125,215.8565706243265,213.04925358027606,215.3828279250015,2146100
2018-05-01,213.56680297851562,213.63698756247646,211.21566626801956,212.6982838116334,2323100
2018-05-02,212.11048889160156,214.0756169529538,211.74202989003672,213.36501649376876,1636400
2018-05-03,211.61045837402344,212.21577531744123,208.7241758945771,211.3209519821241,2666500
2018-05-04,214.4178009033203,214.9880323169143,210.45245839829528,210.76828237456,1785200
2018-05-07,215.08453369140625,215.97937051868527,214.46166718171557,215.1020831862312,3127200
2018-05-08,215.07577514648438,215.40036719021427,213.6808914389314,214.78626870761326,1924500
2018-05-09,217.16368103027344,217.47950497726177,215.25120124142384,215.68984486855535,1506200
2018-05-10,219.19900512695312,219.49727959597732,217.78657203970118,217.88307417807277,1537600
2018-05-11,219.734130859375,220.12890743073868,218.86561169330238,219.35689039422968,1703500
2018-05-14,219.97984313964844,220.865898705693,219.50611377422487,220.30443523472857,1478200
2018-05-15,218.47088623046875,218.90076188751448,217.61991635788138,218.88321239085,2600600
2018-05-16,219.40077209472656,219.79554869247266,218.50594870952648,218.51471676322163,2588700
2018-05-17,219.21656799316406,220.19035749018965,218.51473543368155,219.13760195779457,1714200
2018-05-18,218.6726837158203,219.19029352931915,218.34809161512155,218.90955509580485,1702800
2018-05-21,220.27810668945312,220.79570308182142,219.69909374900163,219.99738166115037,1262900
2018-05-22,219.646484375,221.02383228382686,219.40962636953034,220.78696089201125,1055400
2018-05-23,220.33070373535156,220.33070373535156,218.40067432025384,218.5498115573938,1484100
2018-05-24,219.90960693359375,220.19911335033572,218.23398496987912,219.9710234703308,2025300
2018-05-25,219.35696411132812,219.88334197426798,218.87446668770255,219.35696411132812,1654700
2018-05-29,216.8215789794922,218.51475064912918,215.78638625658934,217.81291804077722,4465800
2018-05-30,219.6815185546875,220.09384466137908,217.9444800423665,218.0322141279212,1359700
2018-05-31,218.26036071777344,219.585073467589,217.8129488924189,219.3131164725885,2378800
2018-06-01,220.55880737304688,220.76934776167067,219.47096628190295,219.52360137905887,1953900
2018-06-04,221.5325927734375,221.7782321465626,221.0413140271873,221.2255368638602,2031500
2018-06-05,221.83963012695312,222.06773338692636,220.96234284728143,221.65540729457334,1491200
2018-06-06,223.61178588867188,223.67320243240184,221.70807382819504,222.278305286305,2763200
2018-06-07,223.50650024414062,224.32237104812373,222.7257150439056,224.03286461841736,2615900
2018-06-08,224.2082977294922,224.25215138073287,222.99763710122346,223.14677431992695,1517500
2018-06-11,224.49781799316406,225.17334635854448,224.32236320787078,224.40131585330147,2648000
2018-06-12,224.8750762939453,225.1382785878946,224.23467360131315,224.92773817088542,1182200
2018-06-13,223.98019409179688,225.2610259143177,223.9100095090595,225.050485552446,2507800
2018-06-14,224.62942504882812,225.12948528556754,224.1118420888343,224.8575283370292,1913800
2018-06-15,224.43641662597656,224.6469704018072,222.94503085961702,223.94513786871386,2000100
2018-06-18,223.90126037597656,224.02408005956022,222.57656140401392,222.98887410963363,2015800
2018-06-19,223.05027770996094,223.2345139178234,221.4448404764251,221.8045314526123,1863300
2018-06-20,223.45384216308594,224.03284157660593,223.11170066977547,223.68193202984588,1578200
2018-06-21,222.05897521972656,223.4187733229994,221.585245929045,223.41000526836672,4037600
2018-06-22,222.45372009277344,223.2871402493736,222.23439829438706,223.1818566834368,3092000
2018-06-25,219.37449645996094,221.52384802397162,217.87434242464508,221.40102831706656,6690000
2018-06-26,219.85699462890625,220.6640974260644,219.24289612958415,219.90086167593142,2968600
2018-06-27,218.03221130371094,221.71681528146772,217.94447721929265,220.4359833215485,3433800
2018-06-28,219.36044311523438,219.99504526775087,217.37731475085783,217.96784469437597,2638400
2018-06-29,219.91578674316406,221.5463649031229,219.55442678061038,220.3300414443654,3711600
2018-07-02,220.1713409423828,220.25066285651897,217.9854963539401,218.19702145830317,1943100
2018-07-03,219.2812042236328,221.01754512019363,218.9727255228411,220.94703224456688,1157900
2018-07-05,221.1584930419922,221.17612461693298,219.38690305554871,220.4093192188972,1948100
2018-07-06,223.00059509277344,223.33552777071182,220.80594145814868,221.14968319905083,2622200
2018-07-09,224.97494506835938,225.03664886432605,223.88201590985182,223.91727906439075,3979500
2018-07-10,225.75933837890625,225.9003371655165,225.15116343334125,225.4155832295588,1314500
2018-07-11,224.2169647216797,225.11598694159028,223.89966355282618,224.40206267390835,2335100
2018-07-12,226.13836669921875,226.2176886163506,224.76338622417435,225.33629811768077,2874000
2018-07-13,226.33230590820312,226.65841613547536,225.62719071908833,226.06787258221226,1814500
2018-07-16,226.1912384033203,226.52617108230274,225.7769838105635,226.4204085306035,993500
2018-07-17,227.16079711914062,227.45164416682283,225.4597063568137,225.50377857429518,1825900
2018-07-18,227.57505798339844,227.68082054908635,226.76416681661462,227.18724397727215,2606800
2018-07-19,226.71131896972656,227.31065819562076,226.29706426108297,226.95810729203063,2050500
2018-07-20,226.49977111816406,227.09028777049443,226.32348223507336,226.5173892473103,2710700
2018-07-23,226.93167114257812,227.05505185721964,225.9885766109103,226.27945061311942,1447000
2018-07-24,227.99810791015625,228.78255843436207,227.24012492523923,228.1391336301676,2916000
2018-07-25,230.0869903564453,230.26327922410414,227.7777514388004,227.87471838538417,2608700
2018-07-26,229.40830993652344,230.05173466141224,229.24966610777906,229.28492925791195,2166500
2018-07-27,227.91880798339844,229.81379252648958,227.0285948077424,229.8049969104502,2666200
2018-07-30,226.60548400878906,228.08621346965634,226.20005194405425,227.92756964839938,1601400
2018-07-31,227.75132751464844,228.3594891854323,227.04622578807047,227.41639478025655,1992500
2018-08-01,227.46923828125,228.44759567961734,226.82584045954306,227.962841685353,1651700
2018-08-02,228.62391662597656,228.8090011173091,226.0590667973157,226.27941444344216,1767300
2018-08-03,229.74330139160156,229.74330139160156,228.62394489412273,228.80902940834,2017600
2018-08-06,230.6070098876953,230.77444932686322,229.33780548985166,229.65509314036163,1843000
2018-08-07,231.2504425048828,231.6118158709534,230.99483170490004,231.10062116889375,2619200
2018-08-08,231.1270751953125,231.51488922536387,230.73926116526113,231.1270751953125,1560400
2018-08-09,230.836181640625,231.57654648121152,230.71280094947986,231.21517312487074,1084400
2018-08-10,229.2672576904297,230.00762237009005,228.65909618608381,229.47878277093284,2395500
2018-08-13,228.40354919433594,230.1046264195786,228.19199718180417,229.52290545644772,3684700
2018-08-14,229.87550354003906,230.1046737266035,228.76494266411504,229.1086979439617,1531800
2018-08-15,228.1831817626953,228.7648757774358,226.8610961152097,228.65911322930117,2587800
2018-08-16,230.0341033935547,230.82737638051964,229.4700274472085,229.47882306184087,1693100
2018-08-17,230.8009033203125,231.25924359477472,229.47002195645595,229.78730962532663,2278800
2018-08-20,231.3121337890625,231.57654018997985,230.8361753695068,231.27687063630535,1245500
2018-08-21,231.81454467773438,232.66067210175052,231.6823145726238,231.81454467773438,1937900
2018-08-22,231.7439727783203,232.20231300366993,231.26804132601183,231.4883889273067,1708100
2018-08-23,231.4090576171875,232.3609743895786,231.109388084517,231.52364268218852,2308100
2018-08-24,232.86338806152344,232.94270998122843,231.90264871665318,231.9467343817588,2328900
2018-08-27,234.61732482910156,234.75835052812351,233.79763817031923,233.90340072011026,2371000
2018-08-28,234.7494659423828,235.18133853913164,234.35285648554043,235.11966166666372,3026900
2018-08-29,236.03639221191406,236.25673986218578,234.749569465741,234.9699171160127,2116100
2018-08-30,235.0756378173828,235.95702826149363,234.55562068310564,235.60447746342965,2625500
2018-08-31,235.08441162109375,235.52510675183981,234.2999613773756,234.74065650812167,3172400
2018-09-04,234.7583465576172,235.03157543925678,233.79763421606157,234.7583465576172,3623300
2018-09-05,234.0973358154297,234.56447173172356,233.1454189571559,234.3705647345126,4595500
2018-09-06,233.4098358154297,234.4410476250121,232.42268277114795,234.176641237402,1687900
2018-09-07,232.84571838378906,233.7976351152732,232.20232058166698,232.3609644042805,2634100
2018-09-10,233.2864227294922,234.07087315739122,233.13660141268386,233.8152623901328,2832700
2018-09-11,234.1678466796875,234.49395689597137,232.40506549077463,232.71355757841565,3420400
2018-09-12,234.19424438476562,234.67902526158142,233.41861650018146,234.106099961899,3019800
2018-09-13,235.525146484375,235.7014353255714,234.86410367673955,235.13733255206347,2087500
2018-09-14,235.64859008789062,235.87776026306867,234.86416640024777,235.74555704581513,1861000
2018-09-17,234.3176727294922,235.56043657775362,234.08850258930244,235.52517342590048,2515300
2018-09-18,235.5956268310547,236.14211143541266,234.52915205238713,234.53797456310375,1823600
2018-09-19,235.860107421875,236.2390988881949,235.53399723467396,235.63975979291172,2077500
2018-09-20,237.75506591796875,238.0635579447085,236.9089386457434,236.9970830673692,3349700
2018-09-21,237.58763122558594,238.5659887094875,237.4201648715659,238.46019925070803,1352500
2018-09-24,236.7943572998047,237.15573060560519,236.23025451087662,237.03232303381415,2070900
2018-09-25,236.5035400390625,237.24393185133852,236.34489617839242,237.1822280506642,2360400
2018-09-26,235.81021118164062,237.75804233834032,235.46492980625618,236.67788633679527,2568400
2018-09-27,236.46542358398438,237.4924595698704,236.04046181012905,236.2883651846918,3077500
2018-09-28,236.43890380859375,236.97013313597975,235.8899767440917,235.95195935316673,1774300
2018-10-01,237.31539916992188,238.3247103937608,236.7399120930501,237.68724071891054,1968800
2018-10-02,237.2888641357422,237.87321365106186,236.88157303693382,237.25344164466233,3034100
2018-10-03,237.49246215820312,238.5814807544589,237.0320778916952,238.18305206768585,2505800
2018-10-04,235.54470825195312,236.9790086014928,234.06612302800883,236.89932825090142,5004400
2018-10-05,234.21665954589844,236.19102470569442,232.8708748420568,235.67752008200924,2564700
2018-10-08,234.15463256835938,234.49107868057794,232.30420597060095,233.5348605701206,3219600
2018-10-09,233.8535919189453,235.02229084909837,233.34006041049545,233.8270318077801,2078000
2018-10-10,226.30137634277344,233.40205908420043,226.0977307968538,233.40205908420043,5803900
2018-10-11,221.53802490234375,226.91224529715575,219.97091096789916,225.60188357888646,9037000
2018-10-12,224.53062438964844,225.4514064727574,221.60889044695887,225.23006319694338,7116700
2018-10-15,223.2999267578125,225.3805451692156,223.14940146162945,224.16758850142725,3306200
2018-10-16,228.05441284179688,228.51482418991307,224.61917407455405,225.00874043706224,3308500
2018-10-17,228.13414001464844,228.7273249685347,225.83216413251992,228.20495798696035,2845800
2018-10-18,224.9290771484375,227.85081157907118,223.72496898652827,227.31958222451098,3046800
2018-10-19,224.75196838378906,227.2044421606475,224.13219640175177,225.47796730572432,2684200
2018-10-22,223.8223114013672,225.64617773633407,223.26452205262112,225.3717142503545,2102000
2018-10-23,222.4766082763672,223.62759630211144,218.54554854737358,220.4579581738664,5206500
2018-10-24,215.8362274169922,222.71557936374552,215.36698081090532,222.39684454548652,4065700
2018-10-25,219.70535278320312,221.15736428160864,216.62425784945935,217.54505353706642,4443800
2018-10-26,215.8185272216797,218.669429489339,213.4103114737225,216.3320452057006,5278700
2018-10-29,214.70294189453125,219.88237909257566,211.41820228250754,218.71368030563917,5126200
2018-10-30,217.98777770996094,218.13828955778447,214.08327800734236,214.534813550813,3619100
2018-10-31,220.27198791503906,222.29950006643108,219.81160358758845,220.2100188173803,4073400
2018-11-01,222.55621337890625,222.7067251722656,219.97978813882312,221.01567295880463,2870700
2018-11-02,221.1750946044922,223.91089476877582,219.3512278283031,223.50363062967625,3184500
2018-11-05,222.43226623535156,222.92807297882402,220.80318307545048,221.6265870320691,1912100
2018-11-06,223.8400421142578,223.98169154824063,222.33489697940846,222.38801720586724,2255200
2018-11-07,228.56790161132812,228.70956453656706,225.46023367135464,225.83210222753686,3090800
2018-11-08,228.17837524414062,228.81584500952815,227.23101946428991,227.97472968733453,2466900
2018-11-09,226.07118225097656,227.2221835849953,224.7165623800634,227.09821837171614,3078700
2018-11-12,221.70626831054688,225.73471838304476,221.29899076397206,225.4956638772352,2710200
2018-11-13,221.33444213867188,224.00825936703407,220.7058212479347,222.1932551885561,3097000
2018-11-14,219.8204803466797,223.41509375865158,218.38617993355626,223.07866109355464,3619900
2018-11-15,222.0958251953125,222.5739206769371,217.29709158752618,218.70484494228978,3911900
2018-11-16,222.66249084472656,223.53015271973084,220.6880990598394,221.13964799732705,2342800
2018-11-19,218.97048950195312,222.414590445218,218.11167648309205,222.17553591684384,2973700
2018-11-20,214.94204711914062,217.19975139256374,214.10979418221646,215.88938938094074,5000900
2018-11-21,215.65919494628906,217.30598955673594,215.60607471848792,216.2435444715462,2425500
2018-11-23,214.26914978027344,215.4555600609784,214.02124638065675,214.08322898542195,830900
2018-11-26,217.624755859375,217.66016484644828,215.89828065791468,216.2347133191453,2498500
2018-11-27,218.3064422607422,218.33300237180976,216.13726745227046,216.6773455601793,2849700
2018-11-28,223.4062042236328,223.4062042236328,218.46582052137492,219.32463354098036,3723300
2018-11-29,222.9457550048828,224.22069418371146,221.66196696026634,222.70670053142277,3279400
2018-11-30,224.4243927001953,224.83167031238455,222.5385569897395,222.7953092708838,2992800
2018-12-03,227.195556640625,228.19603247170178,225.82323927375694,228.11635214260366,3943500
2018-12-04,220.14804077148438,226.89458023223125,219.62567382582884,226.52273861912872,3837400
2018-12-06,219.59019470214844,219.6521637812975,213.48997584315464,216.40284679640655,7712700
2018-12-07,214.4905242919922,220.6704394656431,213.70254261926968,219.24498795546822,3928400
2018-12-10,214.74725341796875,215.69459563334283,210.38235690196313,214.26029549898126,5983700
2018-12-11,214.8092041015625,217.9080097626224,213.5431271304239,217.75749796596597,4543200
2018-12-12,215.99559020996094,218.82878093993298,215.89819864535008,217.62467319098,4117000
2018-12-13,215.92478942871094,217.5892816198214,214.8800421772143,216.79245125777965,2610800
2018-12-14,211.94058227539062,214.81804437892856,211.40050423249167,213.95036915609472,5088500
2018-12-17,207.61354064941406,212.05547662366186,206.23377978036714,211.0228801657939,6127200
2018-12-18,207.5334014892578,209.79441825090763,206.0557219517092,209.18911159669935,4691400
2018-12-19,204.22195434570312,210.96941664296128,202.76208213250084,207.59569228576223,8215600
2018-12-20,200.8660125732422,204.6492192053146,198.98776120788716,203.26947235872856,12141900
2018-12-21,196.86924743652344,204.25763289258845,196.34405240529037,201.83637866723416,11811600
2018-12-24,191.44810485839844,196.54875481202188,191.44810485839844,195.60518054858971,8493500
2018-12-26,201.1331024169922,201.26663553139187,191.23445604837082,193.0592999489388,11598000
2018-12-27,203.00250244140625,203.06480704234082,195.480597143619,198.4715575600993,9578400
2018-12-28,202.74429321289062,205.69075538961738,201.6404955762442,204.1329641985401,7436100
2018-12-31,204.5691680908203,204.71159799551083,202.4683745366567,204.12408482580992,6683900
2019-01-02,204.72938537597656,205.49492906124541,201.19542350613963,201.3378398142258,4891300
2019-01-03,199.84237670898438,203.33182771467213,199.37058955661223,203.04698150138265,3329600
2019-01-04,206.4384765625,207.0704870495175,202.20127614457428,202.54844046947608,5100100
2019-01-07,207.9873809814453,209.39384557109364,205.91330515201403,206.77675409306838,3706000
2019-01-08,210.00807189941406,210.4887693994498,207.79155250005454,210.1237978869898,3546600
2019-01-09,210.97836303710938,211.80622496780742,209.59861579071796,210.71132394610666,4565000
2019-01-10,211.859619140625,212.01094581006768,209.05560020279108,209.76772251008313,2813500
2019-01-11,211.76168823242188,211.8596070815303,210.29291907865672,210.83592113591965,2551000
2019-01-14,210.5955810546875,211.31661370827055,209.80333345492977,210.16830496050164,2653400
2019-01-15,213.0613250732422,213.2749563079891,210.94272477626325,210.94272477626325,5103700
2019-01-16,213.53311157226562,214.32535909227835,213.21265113816716,213.3906816942528,4066700
2019-01-17,215.1265106201172,215.90986139266852,212.70525694392333,212.7497679801567,3059000
2019-01-18,218.01953125,218.4201033733593,216.09676875844335,216.8089045237821,4943300
2019-01-22,215.11764526367188,216.82676335833008,213.6132616661549,216.65762954565824,5786300
2019-01-23,215.4381103515625,216.6131231242054,213.26610181528477,216.02560994645222,3076400
2019-01-24,215.65176391601562,216.15026864078467,214.45004710953918,215.33130338438227,2197100
2019-01-25,217.4854736328125,218.18869915201176,216.90685729046479,217.29853270181104,3677500
2019-01-28,215.8030548095703,215.8564762083667,214.20076600010734,215.5004014640373,2407800
2019-01-29,215.53599548339844,216.41725152924923,214.77045183358038,215.90986374267777,2436900
2019-01-30,218.9453582763672,219.67528774314485,216.2036438269257,216.89797261016955,6028400
2019-01-31,220.7701873779297,221.2330777582017,218.69609781611294,218.8563348481875,5308100
2019-02-01,220.95713806152344,221.90960918940675,220.28061638580385,221.03724978966193,3718500
2019-02-04,222.53273010253906,222.55943401113535,220.39632233479455,221.02834653158718,2541700
2019-02-05,223.52073669433594,223.72547111570782,222.47033352257503,222.9332237465472,3613300
2019-02-06,223.2447967529297,223.62757531876255,222.49706033303337,223.2091960779697,2052200
2019-02-07,221.05499267578125,222.16770051940586,219.53280236924465,221.68700312455874,3907800
2019-02-08,221.33990478515625,221.39332618717296,219.15899947826287,219.8800322025588,2512600
2019-02-11,221.4556427001953,222.1054605063043,220.95715158411915,221.9007259942439,2986600
2019-02-12,224.32196044921875,224.64242093603215,222.8442807831979,222.87989504998993,5980500
2019-02-13,224.99847412109375,225.79963210112393,224.66911687070345,225.0518955193858,3569100
2019-02-14,224.49996948242188,225.53256579445315,223.28044582769803,224.0103752325052,3247800
2019-02-15,226.97459411621094,226.99240124499943,225.93310119926525,226.1289388673603,2806600
2019-02-19,227.36631774902344,227.96272765296106,226.23580253085336,226.23580253085336,2509300
2019-02-20,227.89146423339844,228.2208213905356,226.8944688238378,227.35735906460314,2156300
2019-02-21,227.06365966796875,227.5621507066494,226.13787895368003,227.28620128044133,2020000
2019-02-22,228.4256134033203,228.60365757029484,227.39303058232775,227.60667543297944,2119400
2019-02-25,228.76388549804688,230.205950915294,228.66598022030294,229.74307410411788,2941300
2019-02-26,228.5947265625,229.34249026366436,228.2475757837025,228.37218495674767,4629600
2019-02-27,228.47900390625,228.7905403892175,227.0814362481799,227.93598831869872,2136400
2019-02-28,227.9449005126953,228.66593307265228,227.74906283186004,228.25646416389517,2207000
2019-03-01,229.51158142089844,229.84984898535612,228.17633187638955,229.49378787329806,2867000
2019-03-04,228.63027954101562,230.64206381078532,226.53839715739406,230.43731580871588,3384200
2019-03-05,228.36329650878906,228.92410568889207,227.8469983653843,228.76385509048927,2475900
2019-03-06,226.90341186523438,228.43449917294296,226.63637280924218,228.43449917294296,2514900
2019-03-07,225.0785675048828,226.63635862066508,224.27740963847845,226.5295294220948,6441200
2019-03-08,224.6245880126953,224.72250686083652,222.84425519766336,223.3249526641244,4522300
2019-03-11,227.90037536621094,227.98939743287818,225.2298899433779,225.2476834904231,1884200
2019-03-12,228.71041870117188,229.18220574892638,228.21192775130743,228.34544726185695,2271900
2019-03-13,230.2682342529297,231.0782889242249,229.3869782236592,229.52049774843925,1974300
2019-03-14,230.18812561035156,230.65991271468604,229.6985449577163,230.2682373262888,1557500
2019-03-15,231.30972290039062,231.95064373524502,230.437350130091,230.57086964449397,3151200
2019-03-18,232.13758850097656,232.32451583518863,231.23851176022907,231.4432598081809,1830000
2019-03-19,232.20880126953125,233.74879896897514,231.33645555652623,233.05447024206012,4061800
2019-03-20,231.3809356689453,233.01883851311462,230.41065759545097,231.92395127526945,3415200
2019-03-21,234.02615356445312,234.41107317885547,230.6692392835616,230.6692392835616,2968300
2019-03-22,229.5771484375,233.29212853783585,229.49658576374523,232.8087524953072,4317400
2019-03-25,229.37130737304688,230.31123268418398,228.22546777275397,229.24596942828444,2893600
2019-03-26,231.02737426757812,231.95836642446847,229.81890661734775,230.9647326109641,3177600
2019-03-27,229.95314025878906,231.60922366316075,228.47608957559567,231.09000555089787,2714300
2019-03-28,230.8483428955078,231.15269992089355,229.40709313442036,230.46342318563572,1716700
2019-03-29,232.33432006835938,232.49544542309513,231.11686475574513,232.15527368400228,2831100
2019-04-01,235.0109100341797,235.23470437304277,233.8113756561108,234.0530637073708,3303900
2019-04-02,235.0914764404297,235.2973770701562,234.36638495652355,235.13625170009823,1512600
2019-04-03,235.53013610839844,236.55065155920232,234.89456774018578,236.2104797422677,1933900
2019-04-04,236.09400939941406,236.29094946232377,235.13619062487146,235.7627982296655,1738500
2019-04-05,237.23098754882812,237.27573549439384,236.43426649603288,236.70283612537145,1505000
2019-04-08,237.43682861328125,237.49949758347506,236.24625477282095,236.83707509469596,1720100
2019-04-09,236.17465209960938,236.8102477517709,235.6912759511805,236.52378441434436,2016900
2019-04-10,236.98915100097656,237.07867416499158,236.1924576741015,236.5505230115274,2990600
2019-04-11,236.9444580078125,237.4367945460795,236.4073462178409,237.4367945460795,1567700
2019-04-12,238.546875,238.80645676744845,237.7859687730223,238.4125765398046,1903400
2019-04-15,238.3856964111328,238.69008072376909,237.64271129618325,238.62741175830618,1584500
2019-04-16,238.5558624267578,239.22724560577595,237.99189618539833,239.19145817232405,2447700
2019-04-17,237.97390747070312,239.55836130596552,237.58002731075533,239.54046759638265,1872400
2019-04-18,238.42149353027344,238.65424834556646,237.29356150987223,238.5110167145123,2788900
2019-04-22,238.65431213378906,238.75276853971934,237.64275725066304,237.72331994241895,1126500
2019-04-23,240.713134765625,240.97274379329883,238.75269458421613,238.97648887598757,2618300
2019-04-24,240.2386932373047,240.99063878341855,240.11338263893867,240.7042028505937,1393400
2019-04-25,240.14918518066406,240.69525749557337,238.99442622567796,240.1581456949114,1237400
2019-04-26,241.25030517578125,241.28611992038995,239.42413566177902,240.15818767370536,2172600
2019-04-29,241.55462646484375,242.06488405509168,241.21445473801177,241.30397792696363,1892500
2019-04-30,241.70687866210938,241.97542097703376,240.00601960542667,241.3040378710743,2024600
2019-05-01,239.9433135986328,242.47665315221386,239.90749886003118,242.3065672921576,2669400
2019-05-02,239.46888732910156,240.62364637216558,238.05449190218897,239.80009855782427,3009000
2019-05-03,241.74267578125,241.98439119301892,240.53420799700376,240.73114814205826,1969000
2019-05-06,240.7848358154297,241.12498029238,237.49952261540025,237.8038796644488,3966900
2019-05-07,236.88177490234375,239.0839030592332,234.9661099921531,238.54681861997148,4752500
2019-05-08,236.41629028320312,237.95599607072145,235.852324308903,236.45210501834686,2662500
2019-05-09,235.69125366210938,236.18359028035042,232.92515891087422,234.4827587680283,3094800
2019-05-10,236.79229736328125,237.5621640723418,232.09261638343298,234.86767156859602,3131900
2019-05-13,230.98260498046875,233.05046242381545,230.12324239432775,232.18213932242332,5548200
2019-05-14,232.98777770996094,234.37531886656004,231.70768077318237,231.84195189965527,4702600
2019-05-15,234.36636352539062,234.93929010251153,231.31380569586014,231.5197063067585,2444100
2019-05-16,236.51475524902344,237.75906464306712,234.93926198776296,234.9571556966656,3221500
2019-05-17,235.08251953125,237.23990030338535,234.4111364937299,234.43801804113062,2719500
2019-05-20,233.4801483154297,234.63490735495947,232.76399008923445,233.5517504787277,2762600
2019-05-21,235.45848083496094,235.88817576766613,234.7602436434668,234.98403796533856,2760500
2019-05-22,234.81396484375,235.69124846782816,234.42008463037973,234.64387896440172,3421500
2019-05-23,232.06576538085938,232.83563210061723,230.66929091293474,232.81771106984613,3813200
2019-05-24,232.46861267089844,233.6323323207865,231.90464655858588,233.2832273532782,1833100
2019-05-28,230.38284301757812,233.60548712783327,230.32020136162242,232.71030972602054,2565900
2019-05-29,228.79840087890625,229.63090934988156,227.46459522205453,229.28180435051837,4593500
2019-05-30,229.43392944335938,230.22168983278283,228.39553416377206,229.4160357321972,2977200
2019-05-31,226.3634490966797,227.81364541636765,226.27393957428694,227.0437924953273,3698600
2019-06-03,225.6920928955078,227.33922948224944,224.4836117554281,226.3276747784444,3825600
2019-06-04,230.6603240966797,230.74088676747408,227.4018659340238,227.804692947316,3536300
2019-06-05,232.61184692382812,232.6387011523977,230.4365724537568,232.06577451805293,2646500
2019-06-06,234.1246795654297,234.76920831658205,232.30747073239004,232.89829103083332,2277500
2019-06-07,236.46104431152344,237.48155939965025,234.93925951164917,235.09142433231696,1877400
2019-06-10,237.57110595703125,239.10185142120454,237.49051596328985,237.9023171719874,2845900
2019-06-11,237.52635192871094,239.59420939697702,236.94449212190196,239.2361439249903,1894500
2019-06-12,237.07875061035156,237.84861728676097,236.6490556757061,237.32939915923401,1711900
2019-06-13,238.13507080078125,238.43942782408536,237.3204561272416,237.95605172047323,1813700
2019-06-14,237.77688598632812,238.37666653502293,237.1413180307196,237.85744862983077,1203300
2019-06-17,237.99183654785156,238.61847161870278,237.7770027263687,238.06346603410893,1782500
2019-06-18,240.36410522460938,241.3935538257379,239.2809208434628,239.5942384138883,2340700
2019-06-19,240.9996337890625,241.4472224390445,239.69268258033512,240.5699388503682,1684500
2019-06-20,243.24656677246094,243.65834073068615,241.4562119574773,243.4345463788132,3288100
2019-06-21,242.96009826660156,244.19544743359072,242.74526443534984,243.06751518222742,2226000
2019-06-24,242.64682006835938,243.41668695294157,242.50358838474756,243.12126306841398,3518400
2019-06-25,240.24769592285156,242.7094335775488,240.14921221096876,242.68257935042513,2287100
2019-06-26,240.0149688720703,241.53678143504013,239.9254456650755,241.0712716861261,2988700
2019-06-27,240.85720825195312,241.32510938346522,240.40729381221522,240.6952181835929,2054600
2019-06-28,242.1889190673828,242.5488450997808,241.31608402200482,241.78401257865863,2883300
2019-07-01,244.24951171875,245.33829678885215,243.22369378945203,245.16732713396914,4497900
2019-07-02,244.96041870117188,244.9784053924288,243.51167996736626,244.27653998504522,3040700
2019-07-03,246.84109497070312,246.886075435934,245.43736394404203,245.57233280033608,2335800
2019-07-05,246.5260772705078,246.77802821547635,244.62742437829309,245.7792315102561,3362500
2019-07-08,245.29330444335938,245.70721794851528,244.78039550357954,245.46427408995268,3131800
2019-07-09,245.5993194580078,245.8512704693263,244.1595876245018,244.21357516545572,2532900
2019-07-10,246.74212646484375,247.62396885666308,246.06725464902607,246.57115674132157,2853200
2019-07-11,247.23695373535156,247.55187182631664,246.4181062855358,247.33592171580483,2249400
2019-07-12,248.45172119140625,248.52372287461625,247.50691191889518,247.8038708060932,2932300
2019-07-15,248.5147247314453,248.84765701161874,248.091804074323,248.82967032046784,1466200
2019-07-16,247.7047576904297,248.59557900766734,247.4437997687987,248.46061024150757,1564000
2019-07-17,246.0311737060547,247.81281694619145,246.0311737060547,247.704841896558,1758100
2019-07-18,246.93104553222656,247.26397781361422,245.1763682874139,245.57229517895524,3461100
2019-07-19,245.60833740234375,247.93889122530888,245.38338015154864,247.92087707046005,2319400
2019-07-22,246.2021484375,246.65206284417116,245.46430968061236,245.94121785325993,1304100
2019-07-23,247.893798828125,247.90280590248022,246.45409488210186,247.19193354323133,1753000
2019-07-24,249.0366668701172,249.06366063996347,247.15602767589326,247.2549956784629,1669900
2019-07-25,247.8218231201172,248.72165181124984,247.16493828977707,248.72165181124984,1874200
2019-07-26,249.5945281982422,249.74748372320926,248.44274838070305,248.53273675688206,1796900
2019-07-29,249.14463806152344,249.4955570640488,248.5867485196731,249.4595836785485,2925900
2019-07-30,248.54177856445312,248.8567242295897,247.48899393545267,247.85792714768652,1751100
2019-07-31,245.72525024414062,248.90164498581348,243.91661292907636,248.70370900101196,4910000
2019-08-01,243.66458129882812,248.60463126219935,242.89972153746723,245.90514560604666,6921000
2019-08-02,241.88299560546875,243.02576838104613,240.3892763905815,242.85482616002082,5310400
2019-08-05,234.7473602294922,238.1666989546061,232.7857398815121,238.067730959896,7354000
2019-08-06,237.77076721191406,237.9777377338169,234.90931805133044,236.23206756301116,4366800
2019-08-07,237.93270874023438,238.66156776527887,233.04661819750248,234.9992584918977,4261200
2019-08-08,242.57582092285156,242.584827997689,238.81454336040412,239.3544460993636,3618800
2019-08-09,240.8842010498047,242.31492566713752,239.35448097661717,241.8020166173584,2616300
2019-08-12,238.0586395263672,240.0652670831903,237.16781804725258,239.57034490322474,2104500
2019-08-13,241.74795532226562,243.0437107049941,237.4737694660599,237.75271413561774,3402300
2019-08-14,234.46841430664062,238.58961843205884,234.46841430664062,238.05872269615853,4354800
2019-08-15,235.20626831054688,235.9980946048072,233.3616027542113,235.41321136425057,2775200
2019-08-16,238.65260314941406,239.06651672182795,236.67296874117957,236.71797665899197,2432700
2019-08-19,241.58609008789062,242.17998049927328,240.83023705356743,241.47808754532957,1430800
2019-08-20,239.71438598632812,241.5950248764544,239.61541799976152,241.1361308632705,1865000
2019-08-21,241.65802001953125,241.9909522814066,241.0821438677836,241.67600670969358,2007400
2019-08-22,241.56805419921875,242.87281706358124,239.98437403862087,242.30592047369407,1883700
2019-08-23,235.36819458007812,241.9099392023658,234.25238834290784,240.42522737146268,4184200
2019-08-26,237.9777374267578,237.9777374267578,235.99810296945074,237.38384708956568,2260000
2019-08-27,237.0418701171875,239.58840074047077,236.39399234856842,239.28246227481634,2490400
2019-08-28,238.68862915039062,238.85959884278623,235.7551780709707,236.41206307125904,3124000
2019-08-29,241.79299926757812,242.26092783792188,240.16431126833587,241.07314718172185,3128700
2019-08-30,241.69398498535156,243.14269595536254,240.84814384314444,243.0887084322933,4209200
2019-09-03,240.35328674316406,240.97417088732857,239.06653799361695,240.1013357470248,3368500
2019-09-04,242.92674255371094,243.0077238372116,241.5860066481032,242.27886482511428,1486100
2019-09-05,246.13919067382812,246.94903114458936,245.16736014043693,245.26635559318842,1755800
2019-09-06,246.31907653808594,246.9039871069144,245.82418178355888,246.49004617196042,1890800
2019-09-09,246.38214111328125,247.29995667641356,245.61728108037204,247.27296290869197,2158500
2019-09-10,246.43603515625,246.44504222893943,244.63637809596634,245.75215668595422,1870400
2019-09-11,248.20870971679688,248.20870971679688,246.1031141560342,246.68799723503682,2080300
2019-09-12,248.93760681152344,249.97240433458356,248.2987361172052,248.99159433720706,2433700
2019-09-13,248.8746337890625,249.7384891960836,248.4877140012525,249.44153031848407,2292000
2019-09-16,248.05580139160156,248.44272116012183,247.48890489044243,247.79484336745338,1432400
2019-09-17,248.73065185546875,248.78463937856344,247.75882151858139,247.86679656477074,1789200
2019-09-18,248.8836669921875,248.96464829623554,246.50813302498358,248.35277124747373,2028700
2019-09-19,248.82962036132812,250.13438291362843,248.55968274527575,249.25254093353794,2267900
2019-09-20,247.49786376953125,249.62147370226154,247.00296898712702,249.41450322312602,2052700
2019-09-23,247.6688690185547,248.26275931917394,246.85002151894008,247.08398579328585,1286400
2019-09-24,245.61729431152344,248.9646589923105,244.80745377565225,248.63172668561006,5124900
2019-09-25,247.12002563476562,247.52493218050262,244.39354505107025,245.72527430451623,2649200
2019-09-26,246.6326141357422,247.31972019814714,245.3306912083583,247.1298644853652,2355000
2019-09-27,245.24940490722656,247.35597351195273,243.8570648438296,247.32885125837447,2836500
2019-09-30,246.46084594726562,247.06658531304032,245.72851770428522,245.75563995064383,2735200
2019-10-01,243.49539184570312,247.79894516762658,243.28743620289282,247.22032797439653,3696000
2019-10-02,239.20079040527344,242.05778610673187,238.00735658226665,242.05778610673187,4463500
2019-10-03,241.0995330810547,241.153777587878,236.50662916710556,239.00198684620085,2988800
2019-10-04,244.44473266601562,244.61651613620177,241.72334698798807,241.80474134022853,1907800
2019-10-07,243.3959503173828,245.1589795114165,243.1156778432366,243.71239499212024,1821900
2019-10-08,239.6167449951172,242.3200303998941,239.55345054832858,241.65099650899194,2153100
2019-10-09,241.84994506835938,242.69981250319384,240.846394054146,241.43406129960212,1921200
2019-10-10,243.49539184570312,244.29101462878364,241.62387383431624,241.77758497748943,1559300
2019-10-11,246.03598022460938,248.04310978267017,245.86419675318882,246.0088579707696,2806500
2019-10-14,245.8098907470703,246.32524103239797,245.44825158924883,245.7285240059079,1215500
2019-10-15,248.1877899169922,248.85682395690384,246.61461630046117,246.70503301725392,1783800
2019-10-16,247.7989959716797,248.38669082374176,247.38311219209604,247.78997361409168,1150800
2019-10-17,248.46795654296875,249.28165146473913,247.89836182034054,248.8476679638566,3100600
2019-10-18,247.44639587402344,248.60365803864332,246.65077296247733,248.05213541487805,1152200
2019-10-21,249.17320251464844,249.2816915094727,248.24196852067246,248.67592449996948,3017500
2019-10-22,248.29629516601562,249.83326908669625,248.1968284936513,249.61629102526132,1601500
2019-10-23,249.02857971191406,249.06475191286498,247.88938990805292,248.0973455743894,1296500
2019-10-24,249.4354705810547,249.99601560118052,248.6759922278364,249.8784766276751,2220600
2019-10-25,250.47520446777344,250.927260482685,248.88395846606562,248.929153031033,5500900
2019-10-28,251.93075561523438,252.3104947235617,251.54199415070397,251.54199415070397,1795900
2019-10-29,251.7679901123047,252.6359296322189,251.5057899896692,251.63237887345872,1599200
2019-10-30,252.65402221679688,252.87100019267427,250.78250440095712,251.96688850478637,1811300
2019-10-31,251.84031677246094,252.5636227268006,250.5745658414927,252.5636227268006,2312100
2019-11-01,254.23617553710938,254.24519789040966,253.06986392745816,253.1964251953125,2361900
2019-11-04,255.24888610839844,255.77325888640922,254.92339146687286,255.6738198181666,3797500
2019-11-05,254.92330932617188,255.70085968111036,254.6972814170254,255.48385412624745,2995600
2019-11-06,255.0589599609375,255.26691560234923,254.1638981316424,254.9956931059876,1457200
2019-11-07,255.9630889892578,256.9757174236303,255.4839108191876,256.2795336505427,2689600
2019-11-08,256.5868835449219,256.5868835449219,254.95949355872614,255.62852737218236,2328700
2019-11-11,256.08966064453125,256.19814964308216,255.17649892122472,255.34828236603096,1123700
2019-11-12,256.5960388183594,257.41878409518586,255.89083252269526,256.38808311389437,1737600
2019-11-13,256.7044677734375,257.057084634402,255.492961220379,255.70993923247792,1721400
2019-11-14,257.0480041503906,257.1293708952617,255.85457004301495,256.44226474147297,2244000
2019-11-15,258.9647521972656,258.9647521972656,257.6718788655724,258.2505236970264,1892400
2019-11-18,259.12750244140625,259.34450806286577,258.31380723702443,258.7387409402791,2278500
2019-11-19,259.00091552734375,259.6970716994986,258.46749286172326,259.6970716994986,3212500
2019-11-20,258.0877380371094,258.9557052017051,256.66830352815697,258.49459936996993,2816300
2019-11-21,257.68988037109375,258.25045274429,256.9214075779519,258.1419361747285,2307200
2019-11-22,258.2595520019531,258.4494077704513,257.3102455681574,258.34996870786335,1266500
2019-11-25,260.2215576171875,260.2396299267579,259.0914174645084,259.11853972452025,2040300
2019-11-26,260.7458801269531,260.99903036858746,259.99547935074287,260.30287410191977,1795700
2019-11-27,261.9754638671875,261.9935361716893,261.0713519986136,261.34257452266394,1631500
2019-11-29,260.9718933105469,261.7223216354971,260.8182097393294,261.5143659665086,1988500
2019-12-02,258.8471374511719,261.31537202731965,258.43125384489986,261.31537202731965,4416100
2019-12-03,257.0299377441406,257.15649904196505,255.04993079962918,256.3337540365529,3236000
2019-12-04,258.6753845214844,259.20883470333956,257.73512822184324,258.0425228880297,3188800
2019-12-05,259.15460205078125,259.3263578971549,257.9340456851537,259.3263578971549,1597200
2019-12-06,261.4601135253906,261.87599725944125,260.8814686855771,260.9085909379868,1609400
2019-12-09,260.6644287109375,261.7583960865189,260.6282565192205,261.17072902978333,1478900
2019-12-10,260.4203186035156,261.2340135427974,259.79647937876365,260.6644188079111,1822700
2019-12-11,261.0984191894531,261.3605917103122,260.45648003240126,260.7910245299193,1835400
2019-12-12,263.39495849609375,264.09114245182417,260.935772550061,261.1527782100095,3276600
2019-12-13,263.4942932128906,264.6877271753433,262.46359272041866,263.17784862706344,3519600
2019-12-16,265.3569030761719,265.9083982169298,265.10375279017757,265.1399249999801,3141900
2019-12-17,265.4111022949219,265.9806972390187,265.3568577851324,265.7998638121823,3658200
2019-12-18,265.4291076660156,266.00775241292564,265.420085310864,265.8269190316912,3294400
2019-12-19,266.5321350097656,266.60447940147674,265.5828287011416,265.609950950208,2331600
2019-12-20,267.8883361816406,268.3042475077929,267.4182079418696,267.5176745950989,4985600
2019-12-23,268.15087890625,268.4870169826624,267.9964228501882,268.45066948858647,2325200
2019-12-24,268.15087890625,268.3689084206765,267.8692482084443,268.3325609266006,1305900
2019-12-26,269.5227355957031,269.54089548178143,268.47794605833565,268.5142935555092,2390300
2019-12-27,269.5227355957031,270.2858666862466,269.0503013074975,270.2858666862466,2225400
2019-12-30,268.04180908203125,269.6770855543049,267.56030885325,269.59532450319205,2345400
2019-12-31,268.7323303222656,268.9049462822154,267.25150940403904,267.5785537123538,2512700
2020-01-02,271.112548828125,271.1398025147108,269.2228674747993,270.08594709170455,3142400
2020-01-03,269.1319885253906,270.149496366884,268.0418134345088,268.2053355393897,3247900
2020-01-06,270.1405334472656,270.2041346428986,267.41505309176944,267.4786542874025,2777100
2020-01-07,269.3955383300781,270.06781455295305,268.96854533649116,269.6590091708065,2251800
2020-01-08,270.7855224609375,271.9211391349249,269.34102137862754,269.55905090802787,3719500
2020-01-09,272.65704345703125,272.72064465106155,271.7212963342253,272.30274543675523,2168500
2020-01-10,271.8757019042969,273.32926894052457,271.4487089630261,273.22025418530893,3666800
2020-01-13,273.6745910644531,273.7472860752454,272.07566125232427,272.4663068290074,2728000
2020-01-14,273.31109619140625,274.28319058801236,272.8386896993701,273.35653748728316,2620100
2020-01-15,273.9198303222656,274.63752008446136,273.1748591444012,273.2838739070124,2822300
2020-01-16,276.2092590332031,276.2183528395955,275.01004104022627,275.2190045121148,2582600
2020-01-17,277.1449890136719,277.2721913952149,276.36369801282564,276.881518169774,2218000
2020-01-21,276.5726318359375,277.2903493660713,276.18198633821333,276.2546536092946,2757900
2020-01-22,276.6453552246094,277.92633434339916,276.4727392474307,277.3721389100834,2765300
2020-01-23,276.9178771972656,277.0632394715021,274.9646218888105,276.0366374706578,2673100
2020-01-24,274.3922424316406,277.56287531693374,273.28387944759584,277.47204816292697,3448200
2020-01-27,270.0314025878906,271.3941421798239,269.3227791090856,269.6770769859841,4302000
2020-01-28,272.95684814453125,273.6563780687736,270.9308979184538,271.3669847235114,3562500
2020-01-29,272.6842956542969,274.3105066461769,272.4753599108,274.16514437134225,2739400
2020-01-30,273.5382995605469,273.7200093472157,270.09510149582457,270.7674055264826,4432700
2020-01-31,268.6324768066406,273.09318374293105,267.7512368990635,272.9478214388434,6184700
2020-02-03,270.585693359375,272.2482519452041,269.8498158623754,269.93157694815085,3205200
2020-02-04,274.7556457519531,275.4824570896214,273.6018691424904,273.9107535641178,2292800
2020-02-05,277.8626403808594,278.0715760650433,276.06381393107984,277.45380736613316,3049900
2020-02-06,278.80755615234375,278.980144393381,277.8263677426555,278.7257673473542,1925500
2020-02-07,277.39019775390625,278.5349079803152,276.8541901292414,277.8444443231148,2249000
2020-02-10,279.3798522949219,279.41619979027223,276.49994403251134,276.53629152786164,2246900
2020-02-11,279.8885803222656,281.3512688302852,279.46158739787626,280.6608051078651,2438800
2020-02-12,281.6875,281.8782758771466,280.87895518017336,281.2332532377314,2115800
2020-02-13,281.4149169921875,282.2870628700509,280.14300408590714,280.36106134913615,2043400
2020-02-14,281.8873291015625,281.9327426812424,280.7244586665722,281.73287302561823,1637000
2020-02-18,281.114990234375,281.4693158223333,279.84310554364055,280.94237434152456,3000300
2020-02-19,282.4687194824219,283.0773944037322,281.74190828345354,282.0144728799463,2257500
2020-02-20,281.3604736328125,282.7141201989346,278.6077391864221,281.950988916522,4617300
2020-02-21,278.4441223144531,280.34287011858,277.65373752362234,280.0884930856112,2678000
2020-02-24,269.1319885253906,271.98467018280036,268.1599219741481,269.7861046699234,7097000
2020-02-25,261.04644775390625,270.9399525781344,260.15611438576656,270.48570595204524,8465800
2020-02-26,259.89263916015625,265.5343737953888,259.3566315346681,262.2001917732724,10233700
2020-02-27,248.3729705810547,258.4481568958035,248.34568916889742,254.89594513785127,14897000
2020-02-28,246.8739471435547,247.94599025069658,238.25235506395956,241.04143599840654,23179600
2020-03-02,257.89398193359375,258.0484379895869,245.73833745945709,248.92715773160012,12428600
2020-03-03,250.78045654296875,261.93675130057454,248.34567383332023,258.3209385875599,9805900
2020-03-04,261.1736755371094,261.32810387900236,253.19710511562934,255.49559215835032,5253900
2020-03-05,252.42483520507812,257.47605505981437,250.38979163211863,254.65062685751835,6220000
2020-03-06,248.19129943847656,249.34507600701485,242.20433161469364,244.6754346250805,6669100
2020-03-09,229.04025268554688,237.1076639838191,228.1680929941755,230.65736969480122,16425900
2020-03-10,240.79476928710938,240.79476928710938,228.1895791625822,237.75529634894002,10879100
2020-03-11,228.85589599609375,235.23608184307966,226.01721698537088,234.2685602255654,11480100
2020-03-12,206.72145080566406,222.42088735665686,206.10990454933096,214.4433904679211,24669300
2020-03-13,226.0354461669922,226.1632317613238,208.2001565876962,219.66439765945475,19533600
2020-03-16,199.50160217285156,214.2882848743601,199.10910883424557,203.4082068539823,17271500
2020-03-17,212.56314086914062,213.5397849320229,197.7034380122359,204.22965377986563,15115500
2020-03-18,200.9437713623047,205.13334331962764,190.13671443288084,197.2288516361354,20177500
2020-03-19,201.1171417236328,206.2833565624636,193.6051455149094,199.3737701905951,12441200
2020-03-20,192.3546600341797,204.96897058807696,191.72485467411596,203.3625212372183,11533200
2020-03-23,186.44912719726562,192.39117824965402,183.05366547373362,191.34151185812792,14128200
2020-03-24,204.2296142578125,204.7316339722309,196.08781410038637,197.5117144339494,13160800
2020-03-25,206.84927368164062,214.96369410525813,201.09890775075743,205.37060974828046,11876400
2020-03-26,219.28109741210938,220.37640477843067,208.88477911134063,209.26813599317364,12411100
2020-03-27,212.54490661621094,218.73340701828306,210.5368410631127,212.39886193987257,11170600
2020-03-30,219.41795349121094,220.06601797191854,212.64528899904312,214.4251647874859,8727800
2020-03-31,216.15943908691406,220.8327573811062,214.89982810735032,218.55998407615144,10386300
2020-04-01,206.42025756835938,210.8927810227789,204.57649606607845,208.03584345241524,13710100
2020-04-02,211.248779296875,211.92421151280277,205.115042519429,205.6718256292967,6547000
2020-04-03,208.1271514892578,212.40799014515568,205.6809520026363,210.3268884075409,5490200
2020-04-06,222.28402709960938,223.8996131860804,215.34705846683707,216.28721232674147,7624000
2020-04-07,222.4026641845703,230.74527349406554,222.22011533186847,229.94204182907578,12936600
2020-04-08,229.951171875,230.97347055302768,222.75864656603855,224.75758929795288,6958600
2020-04-09,233.3649139404297,235.84763156940156,231.05563654523894,232.86289408765205,8812600
2020-04-13,231.1012420654297,232.70769142218202,227.62363568458125,232.42473861939573,7666400
2020-04-14,238.15684509277344,238.80489551544088,234.77049263699527,235.71063232388323,6631100
2020-04-15,232.97244262695312,234.48761087930728,231.02826291500958,232.82639795061465,4888900
2020-04-16,234.1498565673828,234.85267034342328,231.29291898560592,234.13161143150606,6165700
2020-04-17,240.6121826171875,240.9681716958564,236.86075967831337,239.42560806529883,6738800
2020-04-20,236.27658081054688,240.14669462700508,236.02100962169146,236.99766760792016,6498700
2020-04-21,229.05670166015625,233.20063230552387,228.1895840263734,232.06880695482175,6526100
2020-04-22,234.09512329101562,235.70158681936732,232.27872925251302,233.510958533684,5626800
2020-04-23,234.04949951171875,238.13863893775937,233.84869156810618,235.26345581503125,7665400
2020-04-24,237.44493103027344,237.9560733928089,233.61133545608777,235.49161511580817,4768200
2020-04-27,240.87692260742188,241.79881745309822,238.75020791161134,239.15182381338082,3892200
2020-04-28,239.76336669921875,244.42757654706892,239.41651405491507,244.1446236751739,5849500
2020-04-29,245.94264221191406,247.35740590064623,243.62422920587218,244.60088690333876,6773100
2020-04-30,243.7977752685547,245.1486398791018,242.090921509979,244.6922606771222,7386600
2020-05-01,237.15283203125,239.91848814434834,236.16703761866273,239.2704376496085,4790700
2020-05-04,237.9012908935547,238.13858906436437,234.14984051790756,235.41858768119437,4128900
2020-05-05,240.0919647216797,242.6202953289849,239.6903488183654,240.46619898863955,4437200
2020-05-06,238.476318359375,241.981306408828,238.3576831949644,241.61620870985416,3021400
2020-05-07,241.2967529296875,243.0675061288317,240.876891942261,241.37892568314786,3410200
2020-05-08,245.33120727539062,245.6598147916333,243.1405926360865,244.1902592491722,3201100
2020-05-11,245.36767578125,246.62728660424239,243.18617022588793,243.50564117964512,3469300
2020-05-12,240.42967224121094,246.809843979775,240.3566359767663,246.42650108454728,5159900
2020-05-13,236.16705322265625,240.8768889863301,233.99468419952916,239.9367491327685,5617500
2020-05-14,239.014892578125,239.14269211997072,231.81324354821066,233.96733992354027,7737600
2020-05-15,240.0919647216797,240.15583663639043,236.00279727665,236.89731048951802,3385900
2020-05-18,247.43051147460938,248.90920334146608,245.5867497084021,245.82407578367042,6759200
2020-05-19,245.0938262939453,248.4984244697298,244.9295365001979,247.00148762402182,4921100
2020-05-20,249.09176635742188,249.90413471880547,247.98733647261534,248.19728093632912,4896200
2020-05-21,247.30276489257812,249.72156909883694,246.39914298377366,249.00048215823207,3581300
2020-05-22,247.8594970703125,248.01467823248427,245.98835375892742,247.138438092754,2296400
2020-05-26,251.0450439453125,253.50947457657318,250.5977734487073,253.31780313812635,4911800
2020-05-27,254.7051544189453,254.7051544189453,249.05517915766077,253.54596157899562,5152400
2020-05-28,254.20323181152344,257.43440456829023,253.57342624397114,255.5997511449703,4630600
2020-05-29,255.3441925048828,255.89185318048672,251.3371692859735,253.77424675758039,7049300
2020-06-01,256.4576416015625,256.9322657803917,254.2670277571078,254.72340680200114,3888200
2020-06-02,258.5661315917969,258.5661315917969,255.99214688399596,257.2061308410483,4343900
2020-06-03,261.97979736328125,262.8104105056569,260.0721364405275,260.31859893369426,5568100
2020-06-04,261.3135986328125,262.64621803870335,259.40593700340605,261.0488909090153,3818600
2020-06-05,267.9949951171875,269.6105954008995,266.1694782173021,266.18775121361443,6015500
2020-06-08,271.2442932128906,271.38120133484034,268.241311747371,268.7433174795739,5559700
2020-06-09,269.3184509277344,270.5324350167602,268.0132132965203,268.7981720324376,4686400
2020-06-10,267.6389465332031,270.5324021322853,267.0639044404238,269.7474156366152,5602600
2020-06-11,252.21343994140625,261.8886857864553,251.738787685555,261.3775153904972,7748200
2020-06-12,255.25283813476562,259.3602502451754,250.55213873499753,258.6300547898377,6232200
2020-06-15,257.58038330078125,258.6300496928319,248.9730520335566,250.01360978483552,4431400
2020-06-16,262.6188049316406,264.8824554206007,258.15540371649263,264.7455193988973,5295000
2020-06-17,261.4139099121094,263.80533163742604,260.9392857358797,263.54065184855733,2662800
2020-06-18,261.65130615234375,262.0711671845859,259.7253715918545,260.1087423466312,2756300
2020-06-19,260.10870361328125,264.94631089857455,258.9221291033548,264.73639434129944,3479500
2020-06-22,261.83380126953125,262.1350270714213,258.54789406644636,259.5427971519011,2518000
2020-06-23,263.0204772949219,265.09242894068285,262.655379487345,264.2527067687738,2503600
2020-06-24,256.2934265136719,261.68783173884225,254.63219962094442,261.1218981599237,4532300
2020-06-25,259.00433349609375,259.314668010669,253.94764414115147,255.80967908377866,3897400
2020-06-26,252.93438720703125,258.2375374678845,252.3958632632281,258.05497470330135,4479000
2020-06-29,256.6255187988281,256.64385877301453,252.05634522995334,254.04733842762457,3464600
2020-06-30,260.0478515625,261.44247395127013,256.1209400993245,256.2494039509081,5215700
2020-07-01,261.8277282714844,262.8736947385407,260.524890180893,260.91022561615455,3712600
2020-07-02,263.1490173339844,266.12171791487435,262.57098599881846,264.9381592761676,3661100
2020-07-06,267.2319030761719,267.52548272360656,265.9840845747006,266.6905797262573,3573800
2020-07-07,264.4611511230469,267.6173648211554,264.14004735723444,265.7732021661411,3420300
2020-07-08,266.4244689941406,266.58042879101004,263.5893886867049,265.15831064325477,2434200
2020-07-09,265.066650390625,267.2686523170321,261.86457340597394,267.01175255895083,3164600
2020-07-10,267.72735595703125,267.9200517410764,263.6353005430118,264.9014591240235,2712400
2020-07-13,265.3052062988281,271.99381190277165,264.8005627813993,269.8376739646035,3657900
2020-07-14,268.85589599609375,269.1219796991832,262.983882548403,264.0481893607921,4053100
2020-07-15,271.241455078125,272.26905410477576,269.14954905959354,271.75525459145035,6601400
2020-07-16,270.4523010253906,270.76424862979366,268.9659509103084,269.56232215401906,3082900
2020-07-17,271.16802978515625,271.90204906454466,269.51653540648425,271.3240176320177,2246000
2020-07-20,273.42498779296875,274.03969892020586,270.29630023505916,270.9660592841396,2539900
2020-07-21,273.9938659667969,275.5719719046546,273.1038871297498,275.12237649214984,3305500
2020-07-22,275.55364990234375,275.76468566178863,273.51679222411383,273.61773210905466,4121100
2020-07-23,272.2597961425781,275.8197118033975,271.01200566350974,275.1866325750577,3487100
2020-07-24,270.4981689453125,271.406487712762,269.1035468377563,270.53484889553937,2851000
2020-07-27,272.4708251953125,272.6084450241887,270.4247837394691,271.10375489520027,2253300
2020-07-28,270.7826232910156,272.80111278109257,270.47067567891185,271.74599009310174,3135600
2020-07-29,274.0580749511719,274.5718742367882,271.4890505231292,271.5808063955524,2370800
2020-07-30,273.05804443359375,273.47093196852654,269.44310850537585,271.3423183661488,2951700
2020-07-31,275.3426818847656,275.3426818847656,270.88360232396707,274.74631047847845,4460300
2020-08-03,277.07666015625,277.83820315622836,276.287621192378,276.76471256588457,3767700
2020-08-04,278.2418518066406,278.2418518066406,276.3701386332515,276.3701386332515,2129200
2020-08-05,279.9759521484375,280.2053278306826,279.20525321608915,279.48049283479884,2615100
2020-08-06,281.8569030761719,281.93947497746774,279.15025831161904,279.4530219497039,4088200
2020-08-07,282.003662109375,282.22388183301797,280.1319764581814,280.966907410414,3319600
2020-08-10,282.9028625488281,283.0496663840965,280.6825210403194,282.48081902241194,2118200
2020-08-11,280.6182556152344,284.5359827514152,279.90260450370806,283.98547543486455,3571200
2020-08-12,284.4625244140625,285.1689913620805,282.77432292792054,282.8201868596257,2947400
2020-08-13,283.976318359375,285.1415369083082,283.104679444842,283.7836225993424,4074200
2020-08-14,283.976318359375,284.44422577668183,282.90282769621155,283.64600277072276,2097600
2020-08-17,284.8938293457031,285.2241169438144,284.50846581460735,284.8295974238595,2183400
2020-08-18,285.49017333984375,285.84798487027336,283.7652636035117,285.27913761679434,2415800
2020-08-19,284.2790832519531,286.51779247404806,283.79280785534854,285.8480053051543,2498300
2020-08-20,285.1781921386719,285.5910515482011,282.60916781288574,282.6917396947916,2409300
2020-08-21,286.1966552734375,286.35264307682814,284.58186930873796,284.86629295024613,2316200
2020-08-24,289.10516357421875,289.16939549591854,287.5178735091615,288.42619240190004,2349600
2020-08-25,290.1144104003906,290.1694583310197,288.55464436599397,289.6464749900787,2890800
2020-08-26,293.0779724121094,293.2614842094937,290.1603196334948,290.61907112698646,2606000
2020-08-27,293.6651611328125,294.97718356522574,292.1971508867714,293.8027809683862,2295900
2020-08-28,295.573486328125,295.6927661579577,293.5549972077476,294.6468276501174,3538700
2020-08-31,294.5367126464844,296.19739032716194,294.3348609283929,295.4175354163167,5068000
2020-09-01,297.2892761230469,297.36269203417487,294.46337954387343,295.2616025776022,3008000
2020-09-02,301.6198425292969,302.47314135956594,297.9865395099518,299.0508460509643,5273100
2020-09-03,291.1786804199219,300.49135640786255,288.83905943770816,300.0326049995882,6892000
2020-09-04,288.8482971191406,293.2339602774848,281.581661141314,291.55491413110724,5133900
2020-09-08,280.911865234375,284.9672122283389,280.61825759681267,283.8295176327416,4278300
2020-09-09,286.4534912109375,288.70138387748113,283.7743991838302,284.56343801374476,3339800
2020-09-10,281.444091796875,288.74740904474896,280.59082058574865,288.1418536046023,3589000
2020-09-11,281.6549987792969,284.04966747009007,279.0768183420996,283.09545678871945,3690100
2020-09-14,285.31585693359375,286.9490108553941,284.06803852145134,284.4992659727114,3056100
2020-09-15,286.783935546875,288.33451794401327,285.82054054275176,287.609682693287,2570900
2020-09-16,285.62774658203125,289.1784773432484,285.3800309475133,287.92150319780035,2313400
2020-09-17,283.13226318359375,284.67366158947397,280.71922567916585,281.1963451857271,2848300
2020-09-18,279.83831787109375,283.94873996439895,277.59042510132565,283.9120320171484,3420800
2020-09-21,276.8014221191406,276.8564700471728,272.3423439487893,275.68206758254706,4536800
2020-09-22,279.5998840332031,280.0586355804125,275.8656677188975,278.1043495093048,2741500
2020-09-23,273.12225341796875,280.3429966781171,272.6543459843151,280.09528097794754,2755800
2020-09-24,273.8746032714844,276.5904038927457,270.70005122095756,271.86526977130444,3130700
2020-09-25,278.26025390625,278.95756500887876,272.24143765187824,273.0304766364622,2683800
2020-09-28,282.921142578125,283.5266977703035,281.15036894036876,282.05871572861787,2437900
2020-09-29,281.3077392578125,283.3440848513132,280.70882566180086,282.7267249752422,2303900
2020-09-30,283.47320556640625,286.3295965460033,281.8146704785592,281.98974150797386,4304500
2020-10-01,285.2698974609375,286.66121405256075,283.57449837731133,285.7858872638092,3005700
2020-10-02,282.6161804199219,284.32999743088806,280.30342164985655,280.7733519164324,3125100
2020-10-05,287.5549621582031,287.7484794069793,284.4313823055731,284.4313823055731,2364500
2020-10-06,283.5376281738281,289.6189685777671,283.04005654568124,287.7116341026496,3389800
2020-10-07,288.40277099609375,289.1491145756417,286.19138157079084,286.2005765956764,1707800
2020-10-08,290.9549560546875,291.02868493858756,289.3701224827991,290.2086127913483,1731700
2020-10-09,293.5441589355469,294.0233123738192,291.95013017329455,292.5214025472347,2794100
2020-10-12,298.2802429199219,299.66236439123264,295.46071736799456,295.903006361774,2194300
2020-10-13,296.3729248046875,298.2894824302385,295.5067930522561,298.20655851172927,2229700
2020-10-14,294.5208435058594,297.89319467697834,293.86661918878065,296.8980797299698,1902100
2020-10-15,294.1707763671875,294.576200961038,290.45747738390776,290.8997383085908,2481700
2020-10-16,293.9219665527344,296.88892200608853,293.8390426321564,295.4515178107329,1669600
2020-10-19,289.480712890625,295.6726174672929,288.7067002141278,295.1289583418335,2229600
2020-10-20,290.6232604980469,293.62707983269416,290.0427650443618,290.6877662416408,3066600
2020-10-21,290.09808349609375,292.56746714515634,289.8677299142185,290.6232964114094,2607700
2020-10-22,291.69207763671875,292.2357085986409,288.39339930727743,290.30073330340736,2362400
2020-10-23,292.687255859375,292.86232683135773,290.46664395310273,292.86232683135773,1429300
2020-10-26,287.2969055175781,290.31914264485835,284.127238759781,289.6096639098644,3335800
2020-10-27,286.3479309082031,287.91434656998274,286.15444176576415,287.64712853182004,2196100
2020-10-28,276.48883056640625,281.71323455846124,276.07418283145876,281.1511852619651,5650500
2020-10-29,279.4004211425781,282.18308173583955,275.21719305339246,276.719102607928,5365200
2020-10-30,276.2584228515625,279.0595018817195,273.07953249117895,277.8616746232355,5892100
2020-11-02,279.4742126464844,281.3170415337353,277.0048286862092,279.5294952635549,4080400
2020-11-03,284.40380859375,286.320338419311,282.0357665330696,282.4780556248173,3378300
2020-11-04,290.8075866699219,294.5301087370418,287.48129416738186,288.5777795581441,5750200
2020-11-05,296.50189208984375,298.12356200882107,295.3316780247476,295.7186843727368,3950300
2020-11-06,296.4650573730469,297.54312449963743,294.3273694026338,296.1794211834773,3640600
2020-11-09,300.159912109375,308.8580647928901,299.71762315079025,308.0840520855341,8097300
2020-11-10,299.7730407714844,300.65759096771825,296.7508018249535,299.2478276689871,4120800
2020-11-11,301.8830261230469,302.68465220971365,300.5377688755294,301.6895369585192,2773500
2020-11-12,299.09112548828125,301.70793905917014,297.3680850269732,301.0629377193065,2532700
2020-11-13,303.1545104980469,303.8179298808667,300.2797025456048,300.7956922745389,1996100
2020-11-16,306.83099365234375,306.9415588806923,304.44453374270137,305.5870785947509,3018800
2020-11-17,305.3013610839844,306.3702048722943,303.3756088848208,304.73931194976694,3052100
2020-11-18,301.5972595214844,306.0384820783992,301.5696182242142,305.5685519054803,2647800
2020-11-19,302.8597106933594,303.22827084081916,299.8374724932501,301.08138759534665,2962200
2020-11-20,300.8325500488281,302.8320314805158,300.74962613497934,302.60167790226916,3516800
2020-11-23,302.6108703613281,303.69813239177296,300.43631818110805,302.4818588733107,2222600
2020-11-24,307.51275634765625,307.9826865729236,304.15882338818017,305.00650867844524,2659700
2020-11-25,307.0060729980469,307.4483620428222,306.0477941273685,307.4483620428222,2256900
2020-11-27,307.8813781738281,308.3144158868709,306.99680022727614,308.01958469068563,984700
2020-11-30,306.4992980957031,307.4114893492967,304.1036150429161,307.19955391531596,4175700
2020-12-01,309.8716125488281,311.2537339752178,308.9686445466263,309.5214987410487,3224200
2020-12-02,310.5259094238281,310.61802837829185,308.35135658330796,308.8765695965783,2270300
2020-12-03,310.43365478515625,311.7144058734166,309.48459930444676,310.43365478515625,2851100
2020-12-04,313.10577392578125,313.13341522849765,310.93124979387403,310.9773092586243,2907000
2020-12-07,312.5252685546875,312.9399162016369,311.3550826176334,312.423926487713,1943100
2020-12-08,313.4283142089844,313.9258858401907,311.2998492724185,311.3367137204836,1948200
2020-12-09,310.6456298828125,314.13776982583863,309.8347808015894,314.0087864461892,2545800
2020-12-10,310.4982604980469,311.43809314136973,308.52642002052033,309.35568742572735,2738600
2020-12-11,310.1020202636719,310.33237387495655,307.54048923095996,308.9594753498879,2387900
2020-12-14,308.68304443359375,313.0874041021735,308.57247920565766,312.13834840327456,2654600
2020-12-15,312.9491271972656,312.9491271972656,309.8162964737373,311.1062988278157,2757400
2020-12-16,313.4283142089844,314.23916335040656,312.32260572171134,313.1242317212836,2943200
2020-12-17,315.1329040527344,315.3540344797494,314.16540219587955,314.9117455063873,2627000
2020-12-18,313.87060546875,315.58442270499114,312.0830593358523,315.4830806212573,6025700
2020-12-21,312.903076171875,313.6310013362611,307.85371572672335,310.35996372674515,3918100
2020-12-22,312.2860107421875,313.22042557397174,311.29605900228665,313.1464234203502,2371900
2020-12-23,312.5357666015625,314.3306221553228,312.4247492657534,313.21115970682445,3682200
2020-12-24,313.7847595214844,313.8032529988413,312.49874287010516,313.05385776829536,1447500
2020-12-28,316.5140686035156,316.837888020087,315.5703929247236,316.17175570731615,2798800
2020-12-29,315.8479309082031,318.0498405910272,315.3668181458796,317.92032977877494,2555500
2020-12-30,316.27349853515625,317.25418927761496,316.0144486830788,316.6713200518616,2009100
2020-12-31,317.9757995605469,318.60491653584705,315.69985977677635,316.2457137613145,3507000
2021-01-04,313.66448974609375,319.27109107613205,310.27831983405684,319.20632155217066,5402600
2021-01-05,315.7277526855469,316.77321330784224,313.07248373331765,313.0817163579123,3299700
2021-01-06,317.642822265625,320.5756625393758,313.91433877729605,314.36769729739825,4805000
2021-01-07,322.388916015625,323.0735699038806,319.68740035163586,319.8724198134585,3638900
2021-01-08,324.2023620605469,324.3873815617316,320.70517444033476,323.7027557621393,3758500
2021-01-11,322.0836486816406,323.64720868788663,321.22323610570174,321.37124039536087,2975000
2021-01-12,322.1113586425781,323.0272797595451,320.0852078658894,322.24086943676826,2298400
2021-01-13,322.916259765625,323.86919605917274,321.33420651279226,322.06507993564713,3039900
2021-01-14,321.8246154785156,324.10981651096205,321.5470438938265,323.6749797725024,3497400
2021-01-15,319.5301208496094,321.09368077656666,317.8277892616857,320.3627790497231,3622100
2021-01-19,322.055908203125,322.5092384162115,320.4460720820768,321.77833662085965,3433800
2021-01-20,326.4319763183594,327.2461410549143,323.7859691588718,324.10978852922653,2920600
2021-01-21,326.7372741699219,327.3663911453335,325.941602978643,327.01481747251125,2580800
2021-01-22,325.5716247558594,326.6263460624089,324.7297055289614,325.09054015519825,1812200
2021-01-25,326.89459228515625,327.21841168020967,321.9356295796371,326.3209838772824,3549000
2021-01-26,326.40423583984375,328.1158283835244,326.2192163591565,327.7272677100592,2430200
2021-01-27,318.48468017578125,323.4066557720304,316.403020430475,323.38816229420405,5010400
2021-01-28,321.1585388183594,324.803759367502,319.7244893015941,320.0853239538801,3432200
2021-01-29,314.72845458984375,320.31656263846867,313.2389248922742,319.4746435003266,5803600
2021-02-01,319.9002380371094,320.89945062091607,315.85719635440853,317.92036281771755,3334000
2021-02-02,324.4983825683594,325.97867967489515,322.88857464094815,322.93482245533534,2955200
2021-02-03,324.82220458984375,326.404258194509,323.7027420700541,325.38658039523796,3392800
2021-02-04,328.4581298828125,328.47665159426253,325.5900880396807,325.7751075139674,1988300
2021-02-05,329.7719421386719,330.4103201086652,328.7357426031232,330.19751804056085,2091800
2021-02-08,332.2052307128906,332.2052307128906,330.34560516827725,331.14127666519136,3371100
2021-02-09,331.9368591308594,332.4456980326362,331.0024161004961,331.41875937236387,1891200
2021-02-10,331.8073425292969,333.6299242746864,329.6423914344744,333.5559221251842,2400000
2021-02-11,332.34393310546875,333.1580979150898,330.14199507062597,332.79726332405926,2237200
2021-02-12,334.03704833984375,334.1665874105256,331.5483057669744,331.6315970177398,2144500
2021-02-16,333.722412109375,335.25821771319215,333.0470472772525,335.05467653113647,4408500
2021-02-17,333.79656982421875,333.9630958818875,331.141300823303,332.1682397465869,3211800
2021-02-18,332.3717041015625,333.00082121896264,329.81819220417145,331.43726104808997,3010500
2021-02-19,331.760986328125,333.7223675107339,331.3446713984082,333.50033288155157,2487100
2021-02-22,329.1520080566406,331.39096104272903,328.9577277315763,329.2167775764339,3291000
2021-02-23,329.568359375,330.80809996546026,323.37888904409914,327.227649858251,5251100
2021-02-24,333.2135925292969,333.60215320474975,327.69951505262725,328.57842111760135,3301200
2021-02-25,325.219970703125,333.315313308355,323.887706347062,332.16809664842293,7049200
2021-02-26,323.4344787597656,327.94937292765263,321.69513150810525,327.02419062224374,7579500
2021-03-01,331.326171875,332.50117107982754,327.9770175671221,328.0232653731945,3721100
2021-03-02,328.7634582519531,331.7980543493842,328.58767139775273,331.5667588290485,5462600
2021-03-03,324.42437744140625,329.03179473171025,324.331853579162,328.16212124838796,6317600
2021-03-04,320.4275817871094,326.6077917602248,316.3382925036967,324.2670820548879,6604500
2021-03-05,326.3025207519531,327.26471817025947,316.95817464524777,323.6009762355117,8721300
2021-03-08,324.701904296875,329.73489721661167,324.4243609585619,327.1721529451302,5663500
2021-03-09,329.2445373535156,331.6407555166549,327.72725344691906,328.208337956949,6075100
2021-03-10,331.27996826171875,332.9175304486625,330.1789992809142,331.4927420792123,7231400
2021-03-11,334.777099609375,336.5442005502586,333.2135398301197,333.6761308125192,3340700
2021-03-12,335.24896240234375,335.3322536351077,332.76024860167433,333.5281372991252,4847300
2021-03-15,337.19195556640625,337.460266356852,333.48199349613526,335.5358994680366,3154800
2021-03-16,336.8125915527344,338.4131670320865,336.07245703606026,337.8025433503855,3698400
2021-03-17,337.91351318359375,338.66290845249324,334.56435838000465,335.6838208551986,5011600
2021-03-18,332.9453125,337.4694669928563,332.399458392244,335.5913482635426,5067500
2021-03-19,332.35321044921875,334.1480661682896,330.41958304760533,332.74177116033803,5382800
2021-03-22,334.980712890625,336.30371660888835,332.843544350563,332.8712986861098,3417600
2021-03-23,332.5196838378906,335.7855753436358,331.6870256401061,334.48106526557007,4954600
2021-03-24,330.67864990234375,335.165761195963,330.67864990234375,333.7224791548161,4099000
2021-03-25,332.5382080078125,333.2876032784193,327.6440148423568,329.43884220868955,5487300
2021-03-26,337.9631652832031,338.2973917758976,333.0795370803529,333.65516826258255,3322600
2021-03-29,337.7588195800781,338.5851204196377,335.27056688216345,336.62611620034784,3143300
2021-03-30,336.8953552246094,337.46172109911515,335.4191318803889,336.6168332101819,3696200
2021-03-31,338.2323913574219,339.6436454287694,337.38753161803385,337.38753161803385,7470300
2021-04-01,341.8161315917969,341.93683391059574,339.8385402671759,339.99638829957695,5132000
2021-04-05,346.74615478515625,347.30322712982024,344.27648911311803,344.3507805371406,3764100
2021-04-06,346.55120849609375,347.5446225927095,346.0034296326879,346.34694956957986,3583500
2021-04-07,346.98760986328125,347.312542805526,346.0498717523175,346.43983095044393,2768900
2021-04-08,348.6773376464844,348.6866311587784,347.29396434085794,348.13885227712854,3949400
2021-04-09,351.1841125488281,351.3233735492897,348.4730422930461,348.55662722719904,2627500
2021-04-12,351.3420104980469,351.5555346178047,350.0978698267933,350.67352926696316,2747500
2021-04-13,352.2983093261719,352.9203513315275,350.8777902436127,351.29557330678887,2985500
2021-04-14,351.1656494140625,353.28250219871364,350.6735748559514,352.3076182624594,3691100
2021-04-15,354.9350280761719,355.1671391830166,353.06884571030014,353.11525659811895,3573800
2021-04-16,356.1792907714844,356.6620718776056,354.84232796419315,356.1142928339621,3252500
2021-04-19,354.4244079589844,355.6778137488409,353.1524434786119,355.2414436837465,3945700
2021-04-20,351.82476806640625,353.88591603059297,350.459953491014,353.2638457363636,4106700
2021-04-21,355.1300354003906,355.2878834385863,351.0820308193564,351.2119983209187,3640100
2021-04-22,351.8712158203125,355.70569661638933,350.9149189995429,354.9629522574176,3965000
2021-04-23,355.62213134765625,356.9498003156054,352.3075773502892,352.409720989144,3781100
2021-04-26,356.39276123046875,356.94056852543343,355.8914215037125,356.27208722254204,3125200
2021-04-27,356.2813720703125,356.8755902985226,355.33436864472293,356.7084770470452,3370600
2021-04-28,356.1141662597656,357.60897662203865,355.8170572228834,356.6155342177697,3960400
2021-04-29,358.49102783203125,359.0666589560913,355.41787844348,358.7509911891513,4209900
2021-04-30,356.12353515625,357.228386599757,355.34364501975386,356.4392029495544,5219200
2021-05-03,356.9312438964844,358.3239107949462,356.48558028877954,357.971097313915,4180800
2021-05-04,354.75872802734375,355.55717687468507,351.3699105153294,355.1486589371064,5485600
2021-05-05,354.8236999511719,356.43918455526835,354.14592516489097,356.2627778072484,4410700
2021-05-06,357.7110900878906,357.79464669148484,353.059574150674,354.9071979430694,4737300
2021-05-07,360.2643127441406,360.8677959932232,357.7575012985643,358.39813026056987,3516600
2021-05-10,356.7362976074219,360.84930060146036,356.6063017563269,360.61718943926115,5942700
2021-05-11,353.60736083984375,354.4243965382783,349.9771677563773,352.5768010387804,7081500
2021-05-12,346.05914306640625,352.13114994834933,345.5020706764804,350.98918129957406,7707400
2021-05-13,350.1721496582031,351.92689512298426,347.3961095222874,347.4332269038712,7179100
2021-05-14,355.5478820800781,356.32777216852804,352.63255234417306,352.63255234417306,5167900
2021-05-17,354.69366455078125,355.3621457492951,352.8089232782028,354.5729622278181,3781600
2021-05-18,351.62982177734375,355.10219539816507,351.45341504254355,354.89793645965324,3128300
2021-05-19,350.701416015625,350.80353132924074,345.95704900996816,347.2940116038284,5086300
2021-05-20,354.4429626464844,355.58493118742376,351.36981378068026,351.48122258136937,4776700
2021-05-21,354.1737365722656,356.9405114763913,353.74666002125247,355.80780801458184,3567500
2021-05-24,357.74822998046875,358.75093754116284,356.0027498434488,356.2348609609487,2962500
2021-05-25,356.9963073730469,359.08530810433854,356.4670870543204,358.75105325371123,4031800
2021-05-26,357.6460266113281,358.1473944748613,356.58761482594906,357.53461782695894,2642700
2021-05-27,357.80401611328125,359.10383300141615,357.74831169906713,358.6396106603763,3015900
2021-05-28,358.5003356933594,359.5587478561806,358.3239289439088,359.33593020798287,3370100
2021-06-01,358.2218017578125,360.81217037265424,357.8040186482466,360.70076154343667,4389000
2021-06-02,358.82525634765625,359.5308549316642,357.8875182945572,358.7974041447859,3209200
2021-06-03,357.46044921875,358.4817155679502,355.3157445512225,356.68055918818357,3391000
2021-06-04,360.70068359375,360.97920560660356,359.0851992514449,359.1316101422948,2628100
2021-06-07,360.3943786621094,360.8771596884915,359.54019710202124,360.71931162827815,2500600
2021-06-08,360.45013427734375,361.23928968886196,358.7882101547457,361.16502657190125,2386600
2021-06-09,359.8836669921875,361.2856273102636,359.68870157285284,361.2391880830743,2968100
2021-06-10,361.54559326171875,362.427598578149,359.8465238793083,361.034931762216,2611800
2021-06-11,362.1769104003906,362.27905402866725,360.9142394848513,362.09335379573383,2241500
2021-06-14,363.0868225097656,363.0868225097656,361.16493546180436,362.28834545096277,2252200
2021-06-15,362.325439453125,363.20747299674684,361.54554953060034,363.1610337748388,2405000
2021-06-16,360.33856201171875,362.63182093735327,358.39811651062433,362.48329475911373,4194300
2021-06-17,360.2085876464844,361.0813276798319,357.9153287646245,359.8836264283017,4065300
2021-06-18,355.4271240234375,357.8039396348206,355.1485736780222,357.2561607895441,5211100
2021-06-21,360.403564453125,360.5892646790725,356.19771217368896,356.9868956331513,4389800
2021-06-22,362.3161926269531,363.10537616232193,359.7444114200878,360.4593035243814,2705400
2021-06-23,361.9263000488281,363.15185378623414,361.8148912243152,362.4183745796814,2404200
2021-06-24,363.9966735839844,364.43304365474864,363.6438884563247,363.8481473901693,2987800
2021-06-25,365.343017578125,365.7329768490572,364.45171853099043,364.7859450484587,2862800
2021-06-28,366.10430908203125,366.225011422555,364.72090725666266,365.8350521942386,2418500
2021-06-29,366.26544189453125,366.99208396115887,365.799644969001,366.4424470006318,2927600
2021-06-30,366.60076904296875,367.16905602456757,365.85550540118425,365.85550540118425,3795900
2021-07-01,368.6689453125,368.7714354207645,367.24360784291866,367.3274478787778,3414500
2021-07-02,371.47308349609375,371.7525503060381,369.4049438125334,369.7030606964679,4363100
2021-07-06,370.7743225097656,371.6965912495688,368.25900794486586,371.49163948183633,4331300
2021-07-07,372.0506591796875,372.32082937681076,369.5446692611747,371.39856049386026,4747800
2021-07-08,369.0882263183594,369.7310284478544,366.13506085169445,367.2343633701015,5817100
2021-07-09,372.9822082519531,373.24305338091796,370.2340235771425,370.4296503163695,3332200
2021-07-12,374.3330383300781,374.52866507332124,372.5164189957159,372.9169975180666,2929200
2021-07-13,373.0660400390625,374.96649932523127,372.8051949158618,373.64362363829366,4313100
2021-07-14,373.5783996582031,375.03168355939744,372.4698008780636,374.55656167362804,3332200
2021-07-15,372.37664794921875,372.9915032243612,370.59730050827267,372.3952695890772,4483900
2021-07-16,369.4794006347656,373.4573243264914,369.0415788447958,373.42005261437123,4516600
2021-07-19,363.95501708984375,365.4269510452986,361.3931344345738,364.9797758379484,12336200
2021-07-20,369.09747314453125,370.3085337066717,363.3309052760587,364.57923755041486,4043100
2021-07-21,372.19964599609375,372.28348602113863,370.0942350450177,370.28989020010715,2996600
2021-07-22,372.9914855957031,373.15916563645754,371.4264150220291,372.3673053151398,2575700
2021-07-23,376.7179260253906,377.06261120147093,374.10944618453397,374.65911157502694,3151900
2021-07-26,377.67742919921875,377.6867542344028,376.19619853419744,376.2893635960825,2374300
2021-07-27,376.0006103515625,376.7831742668057,373.38283369720807,376.7831742668057,3626100
2021-07-28,375.795654296875,377.0719333140829,374.5379969217474,376.5222963578395,3763700
2021-07-29,377.4166259765625,378.3482198388481,376.6899839011793,376.69928050741,2274200
2021-07-30,375.5720520019531,376.85765605368897,374.9385750121084,375.0503617244354,5204500
2021-08-02,374.8081970214844,377.63092567047505,374.4448901494321,377.0906136661435,5814700
2021-08-03,377.83575439453125,377.9102978101497,373.49455283919144,375.50677018115954,4129600
2021-08-04,376.0285339355469,377.1650510753056,375.74903873840435,376.6526858588574,3880200
2021-08-05,378.37615966796875,378.40410634613187,376.7179237603181,377.0160406140501,3052800
2021-08-06,379.0282897949219,379.3264066734241,378.38551614376246,378.6370362681292,2486900
2021-08-09,378.6650085449219,379.2053205474887,377.93836637319833,378.9258537237459,1984400
2021-08-10,379.1401062011719,379.78290828444824,378.44141075674025,379.07488780316055,2400700
2021-08-11,380.0529479980469,380.1554380859703,379.07478601050383,380.090219705472,3554400
2021-08-12,381.16162109375,381.3293011648956,379.1307533076844,379.9226137725231,2319300
2021-08-13,381.9162292480469,381.9162292480469,381.1895871395089,381.61814080530576,2253800
2021-08-16,382.8292236328125,382.8944420331144,379.2984745692164,380.75175887027615,3379100
2021-08-17,380.3045349121094,381.06842019662025,377.5842685948718,380.47221496749086,5186300
2021-08-18,376.21484375,380.78897280433677,375.93537697681734,379.36363540113103,4878300
2021-08-19,376.7458801269531,377.8078823544505,373.5039232267201,373.6529816574193,5505700
2021-08-20,379.7269287109375,380.01574893961117,376.6061122780243,376.99736574657504,3263600
2021-08-23,383.09002685546875,383.89118392576546,381.2361641783961,381.25478582073265,3259400
2021-08-24,383.695556640625,384.1520285321341,383.2111380706559,383.723503319085,3006500
2021-08-25,384.40362548828125,384.94393748322875,383.50930323492355,383.8726101006659,3261400
2021-08-26,382.1584167480469,384.4315079359324,382.13979510650216,384.19860948168173,4707600
2021-08-27,385.5494079589844,385.9872581952863,382.9036848994108,382.9689032905592,3882200
2021-08-30,387.3194274902344,388.0646911199579,386.04314859859056,386.29466867687563,2811800
2021-08-31,386.65802001953125,387.5616672004599,386.2201697683598,387.2263070574291,6062900
2021-09-01,387.0679016113281,388.0926604845979,386.7604881643406,387.58959186863154,3256400
2021-09-02,388.22314453125,388.88456825407803,387.07727377480967,388.2883344988599,2835500
2021-09-03,388.07403564453125,388.53050750841254,386.76048497643797,387.15173845119716,3740000
2021-09-07,386.639404296875,387.8132216754317,386.0711456802651,387.7945716027633,3542500
2021-09-08,386.2667236328125,386.8536322479414,384.4408078312889,386.1735585712073,4012600
2021-09-09,384.53399658203125,387.6082734517734,384.3476948635551,385.99660580051517,3887800
2021-09-10,381.5621337890625,386.7045491900881,381.4131038159744,386.32259236283915,4035500
2021-09-13,382.4565124511719,384.4780550015277,380.379048119299,384.30104991168275,4738300
2021-09-14,380.4722900390625,383.9843890096855,379.61521109246945,383.83533056549584,3657700
2021-09-15,383.64892578125,384.0588292851702,379.8107642718006,380.82619799697176,3891400
2021-09-16,382.9875793457031,383.99371674355183,380.30461262141995,383.13663779093963,3351500
2021-09-17,379.2332458496094,382.6801547747342,378.94445400469243,382.27957620662244,5396100
2021-09-20,373.03814697265625,375.0969900077135,368.51061416287234,373.6716240157553,10942700
2021-09-21,372.6747741699219,376.270712422261,372.1158122302359,375.1155452622325,6418100
2021-09-22,376.2707824707031,378.08740200537716,373.81138928021136,374.6591431677265,6004800
2021-09-23,380.81689453125,382.2515568762278,377.7333214725538,377.9568948764518,4098000
2021-09-24,381.45037841796875,382.0745587552129,379.1120973796032,379.31704914690874,3417700
2021-09-27,380.3697509765625,381.5528933407055,379.7083273149471,380.4815661178105,3546600
2021-09-28,372.7679443359375,378.10595843657086,372.0133272275379,377.8078416073248,8234300
2021-09-29,373.3549499511719,375.53269849313523,372.79415474379084,373.95313911190607,4724200
2021-09-30,368.62554931640625,375.28024544171154,368.56947265987344,374.6540466026878,9511200
2021-10-01,373.037109375,374.6540624352879,367.10208243987097,370.3359885604468,8482200
2021-10-04,368.4480285644531,372.86892925387514,366.3450680047523,372.10251011543164,8820400
2021-10-05,372.0277404785156,374.1867776450962,368.99013086491135,369.70980041269576,5523200
2021-10-06,373.6820068359375,373.87827513545767,367.3731262137792,368.85921467087854,6590000
2021-10-07,376.8972473144531,379.51425336946613,376.5233933813408,376.7290173230366,4409200
2021-10-08,376.1868896484375,377.9627456744869,375.67284407661833,377.63561280004484,3960900
2021-10-11,373.4483337402344,378.28980847588645,373.4483337402344,375.6447644865545,3695700
2021-10-12,372.70074462890625,374.71959043478955,371.86889310397964,374.3737462522448,6201300
2021-10-13,373.89697265625,374.68207434875825,370.82196963484256,373.52311878218256,6492400
2021-10-14,380.1778564453125,380.355442046549,376.86919082407314,377.3178326361274,3785200
2021-10-15,383.14068603515625,383.4491362009534,381.59852077584856,382.19670987119696,3501600
2021-10-18,384.30902099609375,384.5707216105897,380.89755738894866,381.5237848539359,3402700
2021-10-19,387.2998962402344,387.2998962402344,385.2062913965404,385.76705803451074,2838300
2021-10-20,388.80462646484375,389.019606002144,387.55220023380804,387.63631522060626,3208200
2021-10-21,389.7579650878906,389.97291609005083,387.8232349291158,388.23448274614685,2579500
2021-10-22,389.365478515625,390.6833372146628,387.5990064880487,389.35612289687117,3648900
2021-10-25,391.38433837890625,391.74886524490455,388.7486208844274,390.3468914954876,2511500
2021-10-26,391.7581787109375,393.9826482130032,391.4871224756432,392.8049811770324,3085300
2021-10-27,390.05706787109375,392.8236495418033,390.01034682879606,392.2348160880832,2873500
2021-10-28,393.8704528808594,393.89849121095324,391.38428302737907,391.41232135747293,3643600
2021-10-29,394.5715026855469,394.90796270041955,391.49649888566745,391.75819951608935,4637400
2021-11-01,395.40325927734375,395.8892950260193,393.7489407686917,395.5341238322102,3937300
2021-11-02,396.9360656738281,397.18841062248714,395.3658622801717,395.4966983013652,2989200
2021-11-03,399.3288269042969,399.7120364570566,396.0014783990765,396.42208190223954,3562900
2021-11-04,401.1980895996094,401.3102429176686,399.5998477708173,399.88958668354496,4287300
2021-11-05,402.5626525878906,404.4787001032025,401.24479410854633,403.3477543051807,4942900
2021-11-08,403.0487060546875,404.08615277288703,402.36640200360284,403.6562222113721,3511600
2021-11-09,401.6374206542969,403.5347572253945,400.34760030604997,403.3571716108836,4696000
2021-11-10,398.4035949707031,401.6468289809519,397.04834216068633,400.11399053311965,6350700
2021-11-11,398.53436279296875,399.8615770394046,398.52503569794425,399.74942371329973,3634600
2021-11-12,401.4972229003906,402.0580180680639,398.84282286484586,399.7120396869646,3655500
2021-11-15,401.6841125488281,402.8430967683488,400.637310174984,402.7870201071232,3122300
2021-11-16,403.2169189453125,404.3197978935698,401.40369764647846,401.4504186860803,3267000
2021-11-17,402.2448425292969,403.1982026621582,401.74947975322567,403.0579825085816,3764900
2021-11-18,403.63751220703125,403.92727964468463,400.777488486832,403.2449755915193,4732200
2021-11-19,402.8804016113281,404.6936227802291,402.25420281406446,403.64682056379576,4886200
2021-11-22,401.81494140625,406.95551073217644,401.6373558204056,404.63757102230755,4868300
2021-11-23,402.3384094238281,403.10482855084393,399.1325697750818,401.49723091713577,6795200
2021-11-24,403.3291015625,403.53472549348936,399.75873536224117,400.5531927557559,4569600
2021-11-26,394.5527648925781,398.6465037848768,393.39378067115877,397.40343309470677,7702500
2021-11-29,399.3194580078125,400.9457667791686,396.80524973729746,398.82409514354146,6300800
2021-11-30,391.674072265625,398.7493732082849,391.2721799749057,397.0389492831414,8657600
2021-12-01,387.1689758300781,399.30072959194075,386.9166308793901,396.7304449534868,8337000
2021-12-02,393.0760192871094,394.47799292310293,386.9727618660131,387.33728870252025,10417700
2021-12-03,389.5990905761719,395.53411750453176,385.79506225335075,394.53403621653666,10228900
2021-12-06,394.2536315917969,395.97338225732517,389.74861675400683,392.0011241729018,7289500
2021-12-07,402.3570251464844,402.9271758490964,399.039032719047,399.0764266642731,4731900
2021-12-08,403.4879455566406,403.89919335859287,401.1886887030289,402.7869588746612,4476500
2021-12-09,400.7401123046875,403.1328114505136,400.5998921368302,402.32899848257466,5035400
2021-12-10,404.56280517578125,404.6656028695064,400.9176799622383,403.2449467287268,6238300
2021-12-13,400.9737548828125,404.38521784325076,400.73073702855356,404.10480604451607,5923900
2021-12-14,398.24468994140625,400.254180096163,395.543568478754,397.97363367619135,6522900
2021-12-15,404.4693908691406,404.68437042669893,395.98278974150514,398.26330726378956,6871300
2021-12-16,400.8148498535156,406.3853495750788,399.4222320539304,406.1610429558764,7159500
2021-12-17,396.6556701660156,400.76811972301607,395.0480728773529,398.02024960724117,8882700
2021-12-20,392.3657531738281,392.7583184184879,389.0944807201813,391.98257207255955,9903400
2021-12-21,399.32904052734375,399.47913592189036,393.54110675392343,395.539210541407,6916700
2021-12-22,403.3627014160156,403.4565146046672,398.9819089208682,399.1038632033387,4992200
2021-12-23,405.8486022949219,407.2181831735826,404.1881919572968,404.22572295648,5032700
2021-12-27,411.6365051269531,411.64589503365977,407.07747639876595,407.1056174911215,4986300
2021-12-28,411.326904296875,412.9310036263045,410.5576763600919,412.0773524224736,4865800
2021-12-29,411.82415771484375,412.70595016847983,410.4451868460951,411.345730486574,4596700
2021-12-30,410.6609191894531,413.0905290382504,410.23880278392795,412.1806241326409,3751800
2021-12-31,409.53521728515625,411.23312994752064,409.3663707351204,410.15434992971797,5185600
2022-01-03,412.04925537109375,412.06800655652137,408.6628199106227,410.81099006653204,6017300
2022-01-04,411.88043212890625,413.9348178461791,410.1449883485378,413.2969053446046,6262200
2022-01-05,403.99114990234375,412.1993014176606,403.8691956422459,411.6083099281161,7539600
2022-01-06,403.4471435546875,406.0268489104701,401.4021476342221,403.55973656299153,7971500
2022-01-07,402.0494079589844,404.6478644150741,400.74549909116325,403.5690843007723,6157500
2022-01-10,401.5240783691406,401.67417374364095,393.7755728486834,399.0381863522159,10481500
2022-01-11,405.0418395996094,405.2013248738714,398.47531756243063,401.19572810942327,7282400
2022-01-12,406.2519836425781,408.0999917940403,404.44150649179085,406.71163104672473,8270300
2022-01-13,400.6517028808594,407.79982738569737,399.704238290035,407.20883575489677,7521300
2022-01-14,400.773681640625,401.10198489754436,396.6273786919054,397.6967976372734,9960800
2022-01-18,393.7474365234375,398.6629670576119,391.48667322700294,396.4490960416292,10681500
2022-01-19,389.61053466796875,396.3740735564512,389.36665472404735,395.08891585689497,8184100
2022-01-20,385.3235168457031,395.6329471371903,384.8826206557687,391.33657823278196,8907600
2022-01-21,377.75335693359375,386.4211592328988,377.725215833704,384.33863195774177,16225900
2022-01-24,379.32928466796875,379.8077119546228,362.8848353332599,372.65958689124244,22970700
2022-01-25,374.7232666015625,379.2260417969545,368.41004295123275,373.51317099601835,16836300
2022-01-26,373.87896728515625,382.9220191304226,369.92029178334144,380.53930190468986,14377300
2022-01-27,371.984130859375,380.8301679651451,370.3706413113517,377.9784130046876,12455200
2022-01-28,381.1022644042969,381.1679078809509,368.9447947991587,373.18491107224395,12096800
2022-01-31,388.0721435546875,388.3348033381804,379.31052887159757,380.5487944056795,9200400
2022-02-01,390.6048889160156,391.21463166872485,385.45483999427614,388.68181884637664,8154900
2022-02-02,394.3290100097656,395.09823802296364,390.7455869321312,393.0344911586751,6726500
2022-02-03,385.1640625,390.6424149551241,384.41361424008505,388.91636105510685,7658300
2022-02-04,386.9745178222656,390.4641564264985,382.79071318543606,384.9295220959166,8210000
2022-02-07,385.69879150390625,388.94452190314564,384.51680823813103,387.6406129754605,5620900
2022-02-08,388.8224792480469,389.73241263219,384.0007913420825,385.2859487899653,5565700
2022-02-09,394.5260314941406,394.80744241597415,392.44350478927987,392.6311025279142,6284500
2022-02-10,387.59368896484375,394.7418134377593,385.6800372318427,389.235319652951,9260500
2022-02-11,379.8639831542969,389.4886390373279,378.57882535566205,387.5655686656961,10458600
2022-02-14,378.625732421875,380.8489650365547,375.45503513277555,379.38557069201187,10167600
2022-02-15,384.7044677734375,384.882704269436,382.22793664657655,382.903351624105,6815000
2022-02-16,385.1640625,386.3835767070694,381.1584940984192,382.922078999762,7743800
2022-02-17,376.9747009277344,382.7157423785708,376.383737889405,382.2560662895113,7541000
2022-02-18,374.5638122558594,378.33486181373536,372.4156134221089,377.24669185052034,10570800
2022-02-22,370.4645080566406,375.57699847711007,367.26566959264403,372.4625833087428,10414700
2022-02-23,363.79473876953125,373.6539128011989,363.39137352845074,373.10981345613317,12154900
2022-02-24,369.3856506347656,369.7609034030845,354.1231861369265,354.3670947107804,21277200
2022-02-25,377.45306396484375,377.5937694262129,369.0385338417994,370.4925666166517,11665200
2022-02-28,376.5055847167969,377.90333525229903,371.47751890925053,372.5844399989735,11855900
2022-03-01,370.8583984375,377.0309451624339,368.4663197262752,375.239219291788,9124400
2022-03-02,377.66888427734375,379.07599634348304,372.2092825900588,373.09107510839425,8185200
2022-03-03,375.77392578125,380.4267965963277,374.17921607378736,379.93897946294356,8745300
2022-03-04,372.7345886230469,373.75708658536826,369.01043101125333,372.34997457024883,6317700
2022-03-07,361.7309265136719,372.4156097643591,361.6840342355882,372.1623399327312,8411500
2022-03-08,359.0011291503906,368.4193766902199,358.0067724524714,361.8716348825365,9356100
2022-03-09,368.5694885253906,370.39874536664456,364.6483437392228,366.6745882221035,5812600
2022-03-10,366.9278259277344,367.7345848643346,362.59392642473455,364.3856521110125,6394800
2022-03-11,362.2468566894531,369.7795938694685,361.79657061807137,369.2448845274081,5872800
2022-03-14,359.60150146484375,366.10235135047566,358.57900362104675,363.1005299095085,6455000
2022-03-15,367.4907531738281,368.07235489068665,360.81166608203694,361.96547960813785,5739400
2022-03-16,375.7082824707031,375.74578484423597,366.36503846312644,371.0085193728821,7407300
2022-03-17,380.3048095703125,380.445515028303,373.63508458392795,373.9540551257245,5177500
2022-03-18,384.5074768066406,384.8733110763044,378.26925675547193,378.96345154419373,5875000
2022-03-21,384.5262145996094,386.25226866114787,381.2617042451833,384.46054249808566,4159500
2022-03-22,388.991455078125,389.7887956845065,385.7363346685094,385.7363346685094,4231700
2022-03-23,383.9820556640625,388.00640363253143,383.9445532928109,386.6368227599757,3742600
2022-03-24,389.6897277832031,389.7650425959818,384.7859062147832,385.80245511800183,2977300
2022-03-25,391.6663818359375,391.89226885861507,387.9861525624743,390.41455295301404,3638000
2022-03-28,394.36767578125,394.4241475306632,389.3791464218424,391.0827778855751,3395300
2022-03-29,399.356201171875,399.76092491759937,395.5536075856273,398.10434380593034,5510600
2022-03-30,396.8713684082031,399.0926959097063,394.9324283825159,398.38677030644584,4794300
2022-03-31,390.7721862792969,396.8902081225521,390.6592140554128,396.23133274206555,5876600
2022-04-01,391.8545837402344,392.325200785832,388.6073146359366,392.1934142254559,4663100
2022-04-04,395.1771545410156,395.28067650752706,391.2898529949774,391.97696424939454,5117200
2022-04-05,390.2921142578125,396.0901194473355,389.2002793139234,393.9629213045702,4112000
2022-04-06,386.3389587402344,388.4096853469061,383.68470028428356,386.62134621797316,5540700
2022-04-07,388.2872619628906,389.9532358068697,383.7787430474417,385.5294532289394,4954100
2022-04-08,387.3460998535156,389.87802208850667,385.88719836830705,387.6473016840708,4752800
2022-04-11,380.63507080078125,385.02122522864937,380.1926896172529,384.49413642157543,3342800
2022-04-12,379.2420654296875,385.63302444263286,377.7831353047111,383.39288263430734,6615800
2022-04-13,383.524658203125,384.21176943383466,378.8279092563504,378.91261687807867,4358700
2022-04-14,378.8655090332031,384.75764321570153,378.69609380267207,383.7599374481081,3735700
2022-04-18,378.93145751953125,380.46567379819334,376.907809817741,377.95256594908784,4305900
2022-04-19,384.9835510253906,385.68947658165825,378.71492863883225,378.92200128430477,3841500
2022-04-20,384.6917419433594,387.21427090584336,383.71287926007295,386.67776062946496,5067100
2022-04-21,378.9878845214844,389.3696949449435,378.18782983407624,388.1461021695078,4670200
2022-04-22,368.6436462402344,378.27247868627387,368.1165575920309,378.06540609418124,6326400
2022-04-25,370.657958984375,370.90268903015965,362.3751107986508,366.53537795607093,8141200
2022-04-26,360.0596618652344,368.5778180628447,359.9655327205385,368.39898130517713,8493000
2022-04-27,360.9915466308594,365.90479023650744,359.08084238000663,360.96331075421375,6415700
2022-04-28,370.0367126464844,371.6932647933211,361.311455929536,365.41525070795876,7030200
2022-04-29,356.44537353515625,368.4461085921404,355.7864981600004,366.53540447321154,8221900
2022-05-02,358.6854553222656,359.80552612779314,350.4496574723183,356.53005005209144,10737000
2022-05-03,360.2384948730469,362.4315574283043,357.66891574292515,359.1937102089075,5607700
2022-05-04,371.1662292480469,371.7215538867817,357.93248089504334,360.82207630224565,7367500
2022-05-05,358.1301574707031,367.3730833285413,354.2334631902633,367.2883757055085,10477300
2022-05-06,355.8806457519531,358.8737635215246,351.03329551679417,355.7959381234771,7959600
2022-05-09,344.3975524902344,351.6074091650149,343.0798304910728,350.47791675191337,10793200
2022-05-10,345.2823486328125,351.2874273925376,341.58330514041853,350.04499136138315,7870800
2022-05-11,339.7196044921875,349.5366689051627,339.09838656182666,344.4634322268256,8026900
2022-05-12,339.4560241699219,342.37385521001875,333.21563837805996,336.81115902279754,7679200
2022-05-13,347.4659729003906,348.80250919491016,342.27037117212075,343.2963128620273,5377400
2022-05-16,346.2235412597656,349.52728207917,343.97400674046696,346.1011762332418,4719800
2022-05-17,353.1510009765625,353.4898314219385,348.3318588680451,351.70149260380816,4513300
2022-05-18,339.16424560546875,349.3484040637576,337.9029955314453,349.17898884280993,6883600
2022-05-19,336.8959655761719,340.94329005405973,334.93821099011336,336.1806470842105,6359500
2022-05-20,336.9805908203125,340.6796623198795,329.20601740937354,340.1713879103497,8755900
2022-05-23,343.37158203125,344.0869290812988,337.76183529042993,339.8701903126586,5254900
2022-05-24,340.8961181640625,341.8655880206991,334.79694031810874,339.6442896012917,5567300
2022-05-25,343.7387390136719,345.5835499904694,339.09843260855376,339.35258422432184,5704600
2022-05-26,350.572021484375,352.1438949652815,344.7457804956466,344.91522445273716,4248300
2022-05-27,359.36322021484375,359.4196919711314,352.7745805555152,352.90636713631267,3911800
2022-05-31,357.3678283691406,360.3515537073831,354.77004126093067,357.885524463207,5016500
2022-06-01,354.3745422363281,360.1537318256094,352.11558675575276,359.18423339116026,4245800
2022-06-02,361.1044616699219,361.1891692931807,352.2098165375116,354.28993588425254,3273700
2022-06-03,355.25946044921875,358.23376414982556,354.3558836047907,356.83130557369947,2749500
2022-06-06,356.2289123535156,360.45504476166013,355.2312063895625,358.92082840458454,2659500
2022-06-07,359.71148681640625,360.12560343811134,352.6898590036981,353.1134258833307,2649900
2022-06-08,355.7770690917969,359.76792121749185,355.08998658068305,358.13957588001136,3436400
2022-06-09,347.4095153808594,356.20063851212143,347.33420056659463,354.1299119826227,3022000
2022-06-10,337.21588134765625,342.3173820621909,337.1782526705729,341.6020350590729,7629700
2022-06-13,324.21746826171875,330.2225460121565,322.8997463550827,328.594200787845,10399700
2022-06-14,323.4080810546875,326.90947347301665,320.5561425407073,326.01528948175695,7584200
2022-06-15,328.038818359375,332.10495557563945,321.87374799438794,326.43873801328357,7887600
2022-06-16,317.2617492675781,320.81019108443377,314.908664282458,320.4713606341838,8821900
2022-06-17,318.090087890625,320.83847548340816,314.5980885631167,317.4876842557109,7084000
2022-06-21,325.8834228515625,327.07877956134126,322.9467489614352,323.0220637588169,5628300
2022-06-22,325.1963806152344,328.97073853712436,321.55380925457445,321.9773473638459,4876100
2022-06-23,328.6130676269531,329.0648416138091,323.91631863542233,327.2012164696575,6708800
2022-06-24,338.84429931640625,338.8631136589942,331.2861901222883,331.3426618742394,5458600
2022-06-27,337.57354736328125,339.92663221695557,336.5570273451333,339.7854528705712,4608600
2022-06-28,330.279052734375,341.51739062148573,330.279052734375,338.9195752131527,8797800
2022-06-29,330.4416809082031,332.067209985088,328.7121479659661,331.1882821446162,3775900
2022-06-30,327.8331298828125,330.6305908188283,323.646384196073,326.88803900046673,7159600
2022-07-01,331.1976623535156,331.5662328123553,324.72378382142364,327.1526743935123,7481500
2022-07-05,331.7835998535156,331.82141156419584,323.9582485720176,326.5100054680671,6180600
2022-07-06,332.9838562011719,335.20482553182075,329.7705529858363,331.94427930936087,5450900
2022-07-07,337.8699951171875,338.62605629677955,334.56217698317306,334.57163712153067,3737500
2022-07-08,337.67156982421875,339.3349103636487,335.0064062951216,336.3673396358568,4791300
2022-07-11,333.8533630371094,336.0459808643172,333.15400499504085,335.3560541188404,3491700
2022-07-12,330.7723693847656,335.41276936853717,329.25078681306275,333.2390717398511,4080300
2022-07-13,329.2319030761719,331.7269572827475,325.4609990304821,325.8106781029439,5603500
2022-07-14,328.3623962402344,328.8444018457196,322.3232513311072,324.55368093193215,4624800
2022-07-15,334.5716247558594,334.6661107684023,330.59277146698764,332.4168187475892,4520500
2022-07-18,331.802490234375,337.9833926052155,330.706210205091,337.36908930756437,3544900
2022-07-19,340.8092956542969,341.26294977593005,334.7985299625912,335.46010528473636,3620200
2022-07-20,342.9924011230469,344.23989918759366,339.71293455588864,340.89429817746026,4270600
2022-07-21,346.4609069824219,346.489258558808,340.242220879329,342.46316166064815,4604000
2022-07-22,343.3042907714844,347.6422548111905,341.1872962532541,346.5554059769879,4533900
2022-07-25,343.6445007324219,344.42894235924615,341.603129695457,343.861882030362,3902200
2022-07-26,339.5238952636719,342.32135616492536,338.76783410394427,342.2363014475973,2987200
2022-07-27,348.4171447753906,349.99543011038895,342.3307582927445,342.5859224014893,4500300
2022-07-28,352.82135009765625,353.3789502808858,345.8843861877704,349.1355012684098,4345300
2022-07-29,357.99102783203125,358.81325238702203,353.39787057596465,354.1539606808153,5246400
2022-08-01,356.91357421875,359.1440037505424,354.82493139610233,355.4675862889346,4421400
2022-08-02,354.6075439453125,358.78485835993104,353.41674903913406,355.45811997597855,4132600
2022-08-03,360.14581298828125,361.1192555070235,356.21423119982023,356.4788555104913,3854800
2022-08-04,359.8622741699219,360.58055252835453,358.3690431447398,359.96624917322055,3410600
2022-08-05,359.1156311035156,359.7960976683145,355.86451627635256,355.9684624256144,2852100
2022-08-08,358.7943115234375,362.8298391529256,357.78305737106996,360.8167909862881,3450800
2022-08-09,357.376708984375,358.5769641189032,356.3938063115506,358.2083648008864,2360500
2022-08-10,364.8619079589844,365.0225861541201,362.0644460704908,363.8506534485108,3651000
2022-08-11,364.8619079589844,369.19987312491264,364.23814430323137,367.5176119352374,3575400
2022-08-12,371.1088562011719,371.1560992093933,365.83523283044815,366.64802600180747,3664400
2022-08-15,372.6966552734375,373.08414605866125,369.0202373046325,369.0485888819957,3203900
2022-08-16,373.3487548828125,375.0971789926065,370.8915125264984,371.6475737860312,3864800
2022-08-17,370.7970275878906,373.16921540712275,368.8596024277761,370.0598577056837,3222300
2022-08-18,371.9405212402344,372.38471512775607,369.6912290704952,370.8725927243416,3258100
2022-08-19,366.8087463378906,369.4833702529171,365.9865217107897,369.24709748228395,2899000
2022-08-22,359.07781982421875,362.48015265229105,358.2744868334139,362.3761776610208,4153700
2022-08-23,358.2272644042969,360.90185897275774,357.7357986753053,358.7187012914029,2869200
2022-08-24,359.3141174316406,360.62777880626,357.4144754622918,358.09494207505213,2241200
2022-08-25,364.5498962402344,364.5498962402344,359.7960905189933,360.7978844914461,2631300
2022-08-26,352.0558776855469,364.8523897880235,352.0558776855469,364.37984426111666,5153200
2022-08-29,349.73089599609375,352.5661688581355,348.5306408675754,349.46627168264536,4953200
2022-08-30,345.9316711425781,351.0540772538922,344.03202892867637,350.91229052482106,5044500
2022-08-31,343.2097473144531,348.540073721926,343.17193560352416,347.4248445636584,4062500
2022-09-01,344.268310546875,344.6747216231063,338.8246056457948,341.2723880337497,6126800
2022-09-02,340.65802001953125,348.8614019548253,339.0797055558567,347.74620163590197,4544200
2022-09-06,339.51446533203125,342.38754991000536,337.39747082293826,341.51805354126384,5680300
2022-09-07,345.6008605957031,346.26243581453656,338.99468391406714,339.1553332282577,4137000
2022-09-08,347.859619140625,348.2471098758372,342.3780745421316,343.4271404529522,3692000
2022-09-09,353.2277526855469,354.0405170817339,349.66477008501573,349.9104741265742,2621600
2022-09-12,357.1120300292969,357.72636218161114,354.8910895101979,355.18406537889314,2961400
2022-09-13,341.5369567871094,350.1845328228651,340.4973510204212,349.0598723355232,5549200
2022-09-14,342.8128356933594,344.1737689092284,339.7885332487869,342.6710489835469,3555500
2022-09-15,338.9851989746094,343.9847379391333,337.7754837695591,341.32903480271915,3807500
2022-09-16,336.3200988769531,336.9060795754703,333.324176295973,335.09149200608465,4452300
2022-09-19,338.9001770019531,338.9001770019531,333.38084904296295,333.4280920560366,3412600
2022-09-20,335.0819396972656,336.8114720544972,332.5112915054955,335.8663812316682,3624000
2022-09-21,329.1846008300781,339.57114033163407,329.1846008300781,336.8114911241814,5102400
2022-09-22,326.4060974121094,329.4020487869231,325.7445509699038,328.4663890174855,5555600
2022-09-23,320.981201171875,323.29665638555997,316.89840189011693,323.29665638555997,10491500
2022-09-26,317.87188720703125,322.8997779917055,316.67163208155245,319.6581229496999,5405700
2022-09-27,316.97412109375,323.0699414455522,314.79093409602734,321.1325162076234,5795700
2022-09-28,323.2002258300781,324.7380041748387,316.27069255234574,317.8084708971063,8683900
2022-09-29,316.46051025390625,320.18154862983016,313.755145887311,320.0391671302765,7230100
2022-09-30,311.6383361816406,319.1279223190559,311.46747836838745,315.69164666492037,7736600
2022-10-03,319.8778076171875,321.4725383324276,313.3469725333258,314.95120500468937,5739000
2022-10-04,329.5886535644531,329.7025587805513,324.7664826140669,324.77598437166614,5110000
2022-10-05,329.01904296875,330.94604543458746,323.5608635249252,325.70617462850396,4755800
2022-10-06,325.5543212890625,330.31956823352425,325.10817324782346,327.66165453105543,3879600
2022-10-07,316.4131164550781,322.1181114944446,314.81838528902864,321.87129751561184,5168100
2022-10-10,314.0494079589844,317.6850463728773,311.9800529331041,317.4951850625822,3933900
2022-10-11,311.9800720214844,316.6313847206154,310.26193424263454,312.4926744156295,4968100
2022-10-12,311.0118713378906,313.80263598454644,310.8220100022233,312.4452172377202,3235100
2022-10-13,319.1564025878906,320.5422975938987,303.636180378199,304.55695278609113,6396900
2022-10-14,311.9705810546875,322.9249192198946,311.38205149268487,321.43459180077735,4879400
2022-10-17,319.8968200683594,320.9409994587761,317.4857201975375,317.5901526209652,3889500
2022-10-18,323.66534423828125,327.49081550411466,320.62773668087897,327.1870489546199,4903300
2022-10-19,321.4250183105469,324.3297453503982,318.85256300576447,321.8332171787994,4403200
2022-10-20,318.7861022949219,325.0416752314431,318.0456896439112,321.00736921671836,3459100
2022-10-21,326.44659423828125,326.91174576029414,317.1724456606031,318.4729116334625,4362400
2022-10-24,330.42401123046875,331.5061687672012,325.4689313369966,327.9180094628782,5639400
2022-10-25,335.7967529296875,336.0625414269657,330.3670487977696,330.38602334444175,5203400
2022-10-26,333.29071044921875,338.09393571412164,332.6547300173571,332.90154395921104,4277700
2022-10-27,331.50616455078125,335.83473670510716,330.9081331795381,334.1830241157749,4145300
2022-10-28,339.2424621582031,339.8120170999614,331.24030358124133,331.3257324771899,4388100
2022-10-31,336.935791015625,338.8058118545374,336.08144412886213,337.13512510377825,6431000
2022-11-01,335.578369140625,340.56192450592044,334.41081185219684,340.33411410208464,8014300
2022-11-02,327.01617431640625,339.0051899285249,326.930745410399,334.87595232555043,5022500
2022-11-03,323.5323486328125,326.3611195489358,321.70030600792677,324.01647463052115,4534800
2022-11-04,328.26922607421875,330.35755604726495,322.74459112076335,328.8292793884401,3655400
2022-11-07,331.42071533203125,331.96176509159466,327.58574235348635,329.4462617521028,3316600
2022-11-08,333.2242431640625,335.91060400827666,329.4651977771246,332.4363505881625,3237200
2022-11-09,326.4180908203125,332.44582484316766,325.93396479489905,331.36366760254145,3570800
2022-11-10,344.2829895019531,344.5867560174428,336.4232119684674,338.42611268189034,4603600
2022-11-11,347.5768737792969,348.3932136771627,343.38118218570565,345.2322285588012,4877400
2022-11-14,344.7861328125,349.12420656104547,344.47289347064344,346.06762442127734,5274300
2022-11-15,347.63385009765625,350.97519499702116,344.18807278052685,349.94051741996304,4597800
2022-11-16,344.99493408203125,346.9693585415567,344.4348808508737,346.19099665938774,2755100
2022-11-17,343.99822998046875,344.5677559918138,340.3720932081339,340.59040185622626,3278500
2022-11-18,345.51702880859375,347.03583253890065,342.89712206680537,346.91242557155226,2574400
2022-11-21,344.302001953125,345.2797269953785,342.5553877499135,344.35895455995353,2397900
2022-11-22,348.8868408203125,349.0197205614157,344.7765781331174,346.0106187023901,2316000
2022-11-23,351.070068359375,351.5636671598929,348.3931805865801,348.57354012246975,2590900
2022-11-25,351.03216552734375,351.54476794806993,350.3297307436326,350.64299904415435,1423400
2022-11-28,345.4790954589844,349.6842604849117,344.7196790748433,348.24138383943017,3553600
2022-11-29,344.87152099609375,346.64661131745413,343.13440873157947,345.4600505177459,2507800
2022-11-30,355.48419189453125,355.579122573107,343.2958401598236,345.00450546785936,4748800
2022-12-01,355.5316162109375,357.86675990169255,353.1679672491618,356.7941042356841,4608600
2022-12-02,355.01898193359375,355.854325349617,350.89924642163265,350.89924642163265,3596000
2022-12-05,348.69696044921875,353.3008217311807,347.41546910720115,352.43700207054314,3707000
2022-12-06,343.6564636230469,348.9532579742186,341.66303580337893,348.4596591394153,3911000
2022-12-07,342.9919738769531,345.1562594630089,342.02375076198024,342.72618543546446,3338000
2022-12-08,345.6973876953125,346.6181601012718,343.24833877373914,344.7006881389357,3604500
2022-12-09,343.1723327636719,346.8933999061298,343.0014749734934,344.57723107670785,4271400
2022-12-12,348.0704650878906,348.0704650878906,343.2292914982223,343.8937770969335,2946200
2022-12-13,350.6429138183594,358.04704045691295,348.18433473539824,357.97108435516293,6161800
2022-12-14,348.52618408203125,353.87993211505665,345.7638666675422,350.36772902502395,4707100
2022-12-15,339.95440673828125,344.80505319333093,338.36914882542874,344.07414219796914,5126800
2022-12-16,335.901123046875,338.72039277722786,333.93620030111504,337.6002862905105,4533100
2022-12-19,333.0059509277344,336.3567978490145,331.52512519853695,336.15746372321524,5538500
2022-12-20,333.5133361816406,334.94402793404004,331.16698075030683,332.34970572538913,5068200
2022-12-21,338.50164794921875,339.5031495964705,335.4495231424678,335.9264203723505,3832400
2022-12-22,333.74224853515625,335.9741242494779,328.42960600054283,335.7166102042674,6458200
2022-12-23,335.6116943359375,335.68801420256705,331.3005533113866,332.80753594106346,4572000
2022-12-27,334.2763366699219,335.77380091809385,332.73119434301674,335.5067396406966,4303200
2022-12-28,330.17498779296875,335.92636629520166,329.91744470149314,334.2286135944221,4464600
2022-12-29,336.0313415527344,336.81346003688117,332.36877412654496,332.7884460396238,4086600
2022-12-30,335.10614013671875,335.2492034833882,331.6915687970542,333.62777037530606,5325400
2023-01-03,333.8185729980469,338.6352533405671,331.14795967897777,336.8611801941481,4957300
2023-01-04,336.2221374511719,338.17740470148067,333.06507971301437,335.83107817960996,3119100
2023-01-05,332.54998779296875,334.59109284981406,331.97770528191484,334.5243493577309,3216500
2023-01-06,340.1136169433594,341.14373142374245,332.6263234233127,335.34464388696045,3464800
2023-01-09,339.8655700683594,345.0160834829698,339.7606666484492,342.154700078185,3775300
2023-01-10,342.2881774902344,342.3644973392698,338.5588380478368,339.39818174226303,3495700
2023-01-11,346.6566467285156,346.7138720738876,343.04175717251627,343.7571030971665,5710500
2023-01-12,347.95379638671875,349.2318776236192,343.9383293782665,347.6390569844412,4743500
2023-01-13,349.3082275390625,349.78512486732666,344.76815565958685,344.96844438735695,3015200
2023-01-17,348.7740783691406,350.7293456235117,348.0110252373733,349.2700410741638,4942000
2023-01-18,343.1085510253906,350.67213541794405,342.96545854559923,349.72788805333204,3931800
2023-01-19,340.63818359375,342.7555794523133,339.40778053181594,341.22953152983507,3569900
2023-01-20,346.90460205078125,347.0953726007128,340.3901981863589,341.88766259157353,3265100
2023-01-23,351.1299133300781,352.90395708870903,346.8473563279844,347.6676347154947,3243300
2023-01-24,350.7579040527344,351.57815329659604,348.53557582279853,349.63243360336764,2702400
2023-01-25,350.8819580078125,351.1490193283939,344.9493545007898,346.97139437197745,3061700
2023-01-26,354.63037109375,354.8688197458992,350.62442209464314,353.3427425506441,3460900
2023-01-27,355.6413879394531,357.7492658559138,353.6288953045181,353.7528932597513,5549500
2023-01-30,351.1967468261719,355.0882455964412,350.86291285160144,353.0471109175,3280600
2023-01-31,356.1850280761719,356.2804133497249,351.3111229403526,351.5781842418017,4181700
2023-02-01,360.0860595703125,362.59454392378046,352.67508630756697,355.23124874610085,4941700
2023-02-02,365.2461242675781,366.648203562265,361.86968306879095,363.63420898635644,5207900
2023-02-03,361.3450622558594,365.494074268436,360.3340423861739,360.75371430651495,6472500
2023-02-06,359.2562255859375,360.46753407410034,357.69198869650165,359.1799057287715,2880100
2023-02-07,363.8916931152344,365.06487091260857,357.3105164173432,358.4264688692357,4504600
2023-02-08,359.9048156738281,363.32893446006267,359.32301499632655,362.14623858612606,2921500
2023-02-09,356.82403564453125,363.39569352261503,355.71765967255084,363.3670808527793,3327700
2023-02-10,357.6920166015625,358.0449450303689,355.0023381303167,355.7653621165213,3256700
2023-02-13,361.822021484375,361.9078595135772,357.86377934225135,358.2929694882625,2980600
2023-02-14,361.6883850097656,363.79629170035406,358.1021376730907,360.4961419480061,4718000
2023-02-15,362.8997802734375,362.9474583604878,358.94150939321827,359.72362795185205,2820200
2023-02-16,357.8542175292969,361.89829753617573,357.75883224267176,358.3025021796822,3077500
2023-02-17,356.9290466308594,357.1484298861555,354.16304787790386,355.9370920126775,3285300
2023-02-21,349.8423156738281,354.1820692895128,349.5466416881002,353.2855000723054,3109200
2023-02-22,349.403564453125,351.568696832864,347.9824198076586,350.21429568797214,3872000
2023-02-23,351.15850830078125,352.49381468204405,347.3051706512835,352.0169174667719,2867200
2023-02-24,347.4006042480469,348.16362825563976,345.01611783994383,346.5231004425649,4055000
2023-02-27,348.6023254394531,351.7307700821319,347.74391625294004,350.5099143461474,3300100
2023-02-28,347.2861633300781,349.9090986726384,347.22893797847706,348.14460181910056,3022200
2023-03-01,346.017578125,347.6676531391495,344.7490442085144,346.55170073273064,3764700
2023-03-02,348.6023254394531,349.43212195666564,343.8715131009503,344.13857438358764,2727200
2023-03-03,354.1248474121094,354.49684126666796,349.75648108107737,350.3192163854734,4913600
2023-03-06,354.5540771484375,357.1388523644227,354.143923348723,355.0595871221542,2638300
2023-03-07,349.0696716308594,354.70659981201834,348.5069364492962,354.4586039631114,3546100
2023-03-08,349.6134338378906,350.32877985919924,347.60094100287773,349.19376184345595,2906300
2023-03-09,343.2134704589844,351.8357824233501,342.2692230503631,350.3764777429793,4409600
2023-03-10,338.29180908203125,344.548698355453,336.82298658407626,342.72694746013553,8360400
2023-03-13,337.7195739746094,342.09751673598186,333.5992034875835,334.5529980729369,6478700
2023-03-14,343.327880859375,344.8062798883951,339.19796323159596,342.2977955442996,4798800
2023-03-15,341.21044921875,341.3439944258689,336.27934775013324,338.08200429374284,6610400
2023-03-16,347.0476989746094,347.4292401113736,338.5875452911488,339.1121498004486,5016700
2023-03-17,343.2516174316406,346.9809579422914,341.8590854165454,345.99855063388486,5189900
2023-03-20,346.3514099121094,346.7805999831062,343.1943523685044,343.8143129871657,3099800
2023-03-21,350.8819580078125,351.3874679756094,348.020574241226,349.489426058174,4117600
2023-03-22,345.0638122558594,354.0676356875782,344.94936156005383,350.7865799061467,4094800
2023-03-23,345.8840637207031,351.27299701535827,343.48048286664516,347.63904217005546,4787200
2023-03-24,348.1893310546875,348.2563785944398,342.59623931767857,344.7606999122279,3740400
2023-03-27,348.763916015625,350.9379336171165,348.03603821629525,350.2675460053583,4144800
2023-03-28,348.1509704589844,348.80224340643645,346.3887660959844,348.1701435978583,2413700
2023-03-29,353.1023864746094,353.3418168796491,350.80386043169665,351.86691740094784,3636100
2023-03-30,355.20947265625,355.7745250431413,353.4951423529805,355.53509457950844,3316700
2023-03-31,360.1703796386719,360.428953956375,355.9372371830901,356.061745671099,4159800
2023-04-03,361.5973815917969,361.9325900126857,359.356316451986,359.7202553531027,3525300
2023-04-04,359.5574035644531,362.40183780873974,358.3123772090096,362.20072446182655,2713300
2023-04-05,358.6859436035156,359.5479165707647,357.12488168320704,358.86791307639277,3227700
2023-04-06,360.0554504394531,360.2852942727641,356.96199912187126,357.8718463409671,3076200
2023-04-10,360.44805908203125,360.476818786026,357.1918117428414,357.75686393525115,2671100
2023-04-11,360.4960021972656,361.78893224302544,359.8064414546834,360.96527644313943,3069000
2023-04-12,359.0594482421875,362.6125875871812,358.494395943026,362.4018876428035,3624200
2023-04-13,363.71392822265625,364.09704025160175,359.5670064781542,360.01713680755535,2680900
2023-04-14,362.96697998046875,365.2080455120525,360.7929619902527,363.2351409185894,2981700
2023-04-17,364.2024230957031,364.2407401490634,361.7123407195496,362.82330144821344,2721000
2023-04-18,364.451416015625,365.77307660940227,363.2063602961575,365.69644250774627,3019300
2023-04-19,364.4322204589844,365.2079726332915,362.66045884318686,362.7179198022211,2671300
2023-04-20,362.3731689453125,364.00130758912024,361.0036338759925,361.8081166277752,2953200
2023-04-21,362.5838623046875,363.0723097344193,360.8887053828938,362.67005375216706,2762300
2023-04-24,363.062744140625,363.42668309146393,361.28139566843333,362.47854788706184,2310400
2023-04-25,357.3260192871094,361.731545534165,357.2493851736785,361.2335114789161,3795400
2023-04-26,355.7361145019531,358.83912314244725,355.29557074829694,357.86225762938085,3766900
2023-04-27,362.7945556640625,363.1010336233229,357.8718813130852,358.0825812566584,4302400
2023-04-28,365.8975524902344,365.9646000217263,362.0187914160013,362.05710846647463,3386900
2023-05-01,365.64862060546875,367.42041181194975,365.3900170094386,365.59115963465104,3069300
2023-05-02,361.54949951171875,364.99727397512487,358.82957360772235,364.94939958487817,4311600
2023-05-03,359.0307312011719,364.1258178815269,358.76257028259255,361.93262690939906,5513000
2023-05-04,356.40655517578125,358.2932388014625,355.2381335729826,358.0346644732248,4421500
2023-05-05,362.94781494140625,364.02045863145787,359.5574717424335,359.8543631485246,3139400
2023-05-08,363.14886474609375,363.5702645830277,361.90383837255285,363.3691512331912,2957600
2023-05-09,361.5782470703125,362.5742565623075,361.3771044761489,361.7410433867164,2271000
2023-05-10,363.158447265625,364.7290954543129,359.7585473568565,364.2023602776901,3512900
2023-05-11,362.6509094238281,362.86160937098583,360.7450525568203,362.4689399591307,2676600
2023-05-12,362.16241455078125,363.94379191199613,359.9500800091186,363.7905529498335,2531000
2023-05-15,363.4170227050781,363.7809615819952,360.9748443660616,362.72746199811513,3882600
2023-05-16,361.01318359375,363.2446621530936,360.97486654452473,362.3923050924099,2275300
2023-05-17,365.32293701171875,365.93586367273446,361.32922485010687,362.8328548631063,3222600
2023-05-18,368.8952331542969,369.268758642133,364.89196350884174,365.1409805007325,3340600
2023-05-19,368.3110656738281,370.19777871737597,367.2288354044914,369.69974469475807,3649000
2023-05-22,368.51214599609375,369.90085411977174,367.2575329364271,368.39722407113896,2784000
2023-05-23,364.3939514160156,367.87045652612017,364.01083936625184,366.9893689572936,2887300
2023-05-24,361.6644287109375,363.2159330961728,360.6492461075774,362.8903112448446,3611600
2023-05-25,364.81536865234375,366.1178561560259,362.89992522174254,364.8823869596309,3315900
2023-05-26,369.5560302734375,370.2264470864754,365.4091085924765,365.5048865982453,3042800
2023-05-30,369.67095947265625,371.84500625980047,368.49298058325724,371.3661454488657,3968500
2023-05-31,367.6597900390625,368.87608605172676,366.2519379993166,368.0620167776492,4205300
2023-06-01,371.1842041015625,372.14192579593254,366.778678461991,367.9566866679109,3563600
2023-06-02,376.63360595703125,377.30399354096016,373.0708804341565,373.5880290547275,7368900
2023-06-05,375.90570068359375,378.079718035768,375.2257265806625,376.9017392588696,3481200
2023-06-06,376.6814880371094,377.1412049365693,374.861822804515,375.4747494431172,2894700
2023-06-07,375.446044921875,378.0702222167955,374.98635721797666,377.02630908606454,3942900
2023-06-08,377.6967468261719,378.0415418771742,374.74697650130895,375.3886337488892,3455400
2023-06-09,378.32879638671875,380.14846174433796,377.4189490942359,378.34794029859074,3060100
2023-06-12,381.80535888671875,381.83408937031476,378.58739858722095,379.2386715943118,3792700
2023-06-13,384.3240966796875,384.86041842024053,382.5139888848137,383.10777158133016,3913100
2023-06-14,384.6210021972656,386.3832064421938,381.613742330131,384.6305595387164,5161300
2023-06-15,389.55328369140625,390.6833882312523,383.9410488147382,384.04638416780307,5285000
2023-06-16,388.1166687011719,391.478280785917,387.7719029629124,391.41123326102996,5141900
2023-06-20,386.3257751464844,387.2260358619885,384.2954098655078,386.43111050193784,4242900
2023-06-21,384.2091979980469,386.01927667501985,383.7303371845039,385.3009854547055,3423500
2023-06-22,385.6075439453125,385.6937354024747,383.0408564630912,383.35689180601923,3141000
2023-06-23,382.7151184082031,384.3145263563713,382.06387472819506,382.44695752659135,4215300
2023-06-26,381.1349792480469,383.9123667676182,380.9147219280485,382.16933521337916,3250700
2023-06-27,385.35845947265625,385.8947812638109,381.546745973189,381.9393861335362,4302400
2023-06-28,385.5308837890625,386.43114458396684,383.76867925341,384.38163521051456,4320700
2023-06-29,387.0076904296875,387.1615316913478,384.77703614894386,385.171248880282,3914800
2023-06-30,391.59405517578125,392.4978544514852,389.68070723830647,389.7864566243735,5173700
2023-07-03,392.3439636230469,392.3439636230469,391.01710828613267,391.2478848722634,2372000
2023-07-05,391.4690246582031,392.13245235511664,390.37294586040554,390.37294586040554,4230100
2023-07-06,388.27685546875,388.776846938155,386.0942929412409,388.22879290848675,6040300
2023-07-07,387.3730773925781,391.01708791238093,387.19998762644303,387.5076701637702,3673200
2023-07-10,388.4115295410156,388.54612233308995,386.5750876230834,387.1231417260622,3362300
2023-07-11,390.9017639160156,391.32482012298607,388.21920963595875,389.18069568048696,3177800
2023-07-12,393.978515625,395.29574675985805,393.04587302450403,394.39194756588364,4246400
2023-07-13,397.1898498535156,397.8724966588248,395.29572136767325,395.68993412629476,3273400
2023-07-14,396.8725891113281,398.73787440894137,396.2091613847427,397.9975407083895,3680900
2023-07-17,398.2570495605469,399.25700307002967,396.7379148134459,396.7571339674326,2963700
2023-07-18,401.27618408203125,401.8338330460517,397.61292480488834,397.968669926687,3594000
2023-07-19,402.1414794921875,403.2183390102982,401.4107408153747,401.96841907153856,3494900
2023-07-20,399.5166320800781,402.0549690767878,398.84360951923367,401.2280759003848,4085000
2023-07-21,399.56475830078125,401.228110361032,399.4782280787646,401.04542566714406,3176700
2023-07-24,401.25689697265625,401.9972598932685,399.9973527934314,400.53578254902885,3471100
2023-07-25,402.43963623046875,403.4876526015311,401.00703127202456,401.0166261807049,3949300
2023-07-26,402.5356750488281,403.71831322388215,400.535768021528,401.535721535178,6138800
2023-07-27,399.80511474609375,405.89130820309265,398.9397832163048,405.54518732806673,4149400
2023-07-28,403.6990966796875,404.42021113423493,402.0549639391416,402.79529754927694,2701200
2023-07-31,404.4779357910156,404.7567749553544,402.91070886839515,404.13181490471237,3452100
2023-08-01,403.2279968261719,403.90101940990724,402.429947027487,403.11262320280144,3118000
2023-08-02,397.6418151855469,400.6512713866719,396.9783874262216,400.42049476893226,4973700
2023-08-03,396.51678466796875,398.2378526681268,395.25724046926814,395.8245136368933,3022300
2023-08-04,394.5746154785156,400.1031597838098,394.2380895219227,398.199407007656,5717300
2023-08-07,398.132080078125,398.28592134764165,395.7860814091061,396.41104139373994,2598000
2023-08-08,396.41107177734375,396.84372287268764,393.3727724915132,395.90148537023373,3780100
2023-08-09,393.77655029296875,396.8340978457859,393.10352774833024,396.76678678865545,3145900
2023-08-10,394.00732421875,399.0647202161,392.8823727793567,395.93989096938947,4588300
2023-08-11,393.6419982910156,394.60348431912917,391.6517151706867,392.2382369057929,2918900
2023-08-14,395.8630676269531,395.88228678620584,392.5843964273527,392.82476795803694,2772900
2023-08-15,391.3248291015625,395.85342025937155,390.7575558433424,394.29581752625415,4686100
2023-08-16,388.4307556152344,392.3920736062365,388.31538197933753,390.9306253144982,3353700
2023-08-17,385.28668212890625,389.95949013847525,384.9501561508228,389.7191186315906,7102500
2023-08-18,385.6423645019531,386.5365393199051,382.52715966923273,382.83484219010444,4157700
2023-08-21,388.19036865234375,388.8153580589702,384.58479596284815,386.6520144452728,3292400
2023-08-22,387.1038818359375,389.78643611275606,386.5750762489755,389.73837354747786,2646100
2023-08-23,391.2767333984375,391.9690044814429,387.9307516068743,388.01728182447204,3250000
2023-08-24,386.07501220703125,393.32459393488,385.9403901122105,392.8630995348492,3458800
2023-08-25,388.6325988769531,390.1709527891843,384.31550738476085,387.5557100592833,4417800
2023-08-28,391.19024658203125,391.7479249887728,389.4980508861881,390.70950350005427,3236700
2023-08-29,396.74761962890625,397.07452136638216,390.91139223572526,391.11329609135504,3482700
2023-08-30,398.4012451171875,399.04545351879784,396.5167411502814,397.12248190377005,3004500
2023-08-31,397.8917236328125,400.093534706534,397.7282874505522,398.9974559653612,4751100
2023-09-01,398.73779296875,400.8242301964894,397.2955641780846,400.4203932245263,3588000
2023-09-05,396.99755859375,398.5070986371083,396.87256072054885,398.24750798353773,4426700
2023-09-06,394.2572937011719,396.25720086641246,392.1227937637408,396.22835746221295,3744100
2023-09-07,393.08428955078125,393.66118699146074,391.19016104825425,391.48824868875386,2245800
2023-09-08,393.622802734375,395.0169399533939,392.75744178340784,393.07474862335624,4124400
2023-09-11,396.2091369628906,396.4976003674923,394.4880981536641,396.01685736871354,3346600
2023-09-12,394.0842590332031,396.27644592231394,393.52661006815714,394.88230883858705,7595300
2023-09-13,394.5457763671875,395.5553249057305,393.23814018105224,394.23809381254114,2529700
2023-09-14,397.9590148925781,398.5455365594829,395.57454859914924,396.7764059945377,3660900
2023-09-15,392.99774169921875,396.7764036278697,392.7477753151796,396.4590968457357,4004000
2023-09-18,393.4304504394531,394.5361534478282,392.44012105390345,392.8439287337925,3014600
2023-09-19,392.6419982910156,393.06505444086105,390.08444223684876,392.497781272255,3623300
2023-09-20,388.9691467285156,394.0554158472724,388.75761863636814,393.6900464751792,4009400
2023-09-21,382.5945129394531,386.56542537762897,382.37336060150744,386.3250538833406,4633100
2023-09-22,381.67144775390625,384.91165065341204,381.2868592491446,383.4405783495876,7204200
2023-09-25,383.2579040527344,383.28677680003983,380.14269893492303,380.5176925432196,3227900
2023-09-26,377.63323974609375,381.09456577145886,376.86403336317227,380.479230007345,5734700
2023-09-27,377.7197570800781,379.20045364225626,374.4507107552693,378.6716187703672,4837700
2023-09-28,379.9232177734375,381.49639398186014,376.72853107792264,377.2497224618705,4065800
2023-09-29,379.0160217285156,382.91522303281096,377.6647824434478,382.7994092550429,5766600
2023-10-02,378.9870300292969,380.0390443433871,376.381102475896,378.2438426066935,5886200
2023-10-03,373.8910217285156,378.2727996760165,372.5783969739993,376.9698358868201,6886700
2023-10-04,376.64166259765625,377.2304218148397,372.9354750175382,374.21914624687884,4333700
2023-10-05,376.3232116699219,377.17255192966087,373.4663639860245,376.30391919280544,3329100
2023-10-06,380.8111572265625,382.2878416580924,372.9451580722799,374.18055400549343,4897200
2023-10-09,383.3495178222656,383.83209482000717,378.6395616116421,379.08352420239885,2959500
2023-10-10,385.3280944824219,387.6830727267795,383.5425830486854,383.90931684712575,3289600
2023-10-11,386.9591979980469,387.11362617727434,384.12164279484,386.32219280404496,4181800
2023-10-12,384.6331787109375,387.7988827946182,382.39404371577115,387.490055885944,3872900
2023-10-13,382.60638427734375,386.9881624896015,381.1972381469723,385.87824121476376,3769800
2023-10-16,386.61175537109375,387.60586283998305,384.4594512890177,384.6814473185581,5150900
2023-10-17,386.62139892578125,388.47450767377165,383.46535576507364,383.7742121320994,4214600
2023-10-18,381.44818115234375,385.8782346647584,380.4830271116217,384.99030944162587,7329300
2023-10-19,378.2148742675781,383.74521701325796,377.51033073363516,382.1720113596225,6708900
2023-10-20,373.5049743652344,378.16668514548775,373.36020714159787,377.7420149867104,7549600
2023-10-23,372.8486022949219,376.3521156790794,370.4743319382656,372.04753751443855,5537100
2023-10-24,375.637939453125,376.66100031193014,373.08025785195025,374.749984834872,4451500
2023-10-25,370.3392639160156,374.1709267930898,369.7698265431211,374.0937274264961,5471200
2023-10-26,365.7934265136719,370.04009892537175,364.9730395871217,369.2969408259287,6959400
2023-10-27,364.17193603515625,367.61754308933854,362.8496796890829,367.27007231248234,5638800
2023-10-30,368.5537109375,369.46095809970694,365.51348157460677,366.67167821483474,5795800
2023-10-31,370.783203125,371.0823984909026,367.2989820757071,369.02661588029633,4523200
2023-11-01,374.8658142089844,375.5221118713649,371.21753320389314,371.67115676992506,5549200
2023-11-02,381.9886779785156,382.1141527207195,378.2631973933231,378.2728289052246,4752200
2023-11-03,385.5210876464844,386.8819582204867,383.97683546969137,384.05406427831923,5981400
2023-11-06,386.2642517089844,386.7661506105636,384.57523230686235,386.17739138851744,4007100
2023-11-07,387.35491943359375,388.03053904422643,385.31845854427723,386.3125660287337,3358600
2023-11-08,387.67340087890625,388.47446569927513,385.6369107239214,387.9822277583991,3731900
2023-11-09,384.7489929199219,388.8412363293166,384.33395432746363,388.773668482386,4145600
2023-11-10,390.75225830078125,390.99354681560044,385.23160535771615,386.63106107116874,3992800
2023-11-13,390.3565368652344,391.3602757919674,388.7833311737424,389.5264891307939,2872900
2023-11-14,397.85577392578125,399.1008308043677,395.6069781172317,395.7517453230762,6973100
2023-11-15,398.72442626953125,400.2686786010386,398.000560750465,399.1298039200402,4414800
2023-11-16,399.28424072265625,399.5255292342232,397.40217855076844,398.3576716312411,3798900
2023-11-17,399.8729248046875,400.3362092973922,398.4831007807341,399.5158225610896,4696200
2023-11-20,402.88421630859375,403.6274037192572,399.5544527707018,399.56408428161205,3517600
2023-11-21,401.83221435546875,402.31479135730615,400.82844594448136,401.8901212393562,5248200
2023-11-22,403.56951904296875,404.6987327603817,402.5271361993347,403.5019511920703,3692800
2023-11-24,403.7914733886719,403.9072871557538,403.27994294795144,403.6177527380489,1351300
2023-11-27,403.08697509765625,403.9459469361067,402.6912583795689,403.2317423227697,3632600
2023-11-28,403.48260498046875,404.64080152499565,402.18930219643863,402.7104935868919,3382400
2023-11-29,403.2220458984375,406.44565679554273,402.8263292151481,405.4225958891509,4092600
2023-11-30,404.78558349609375,405.07514736986957,402.0542106238677,403.9555651904277,4405700
2023-12-01,407.15985107421875,407.65208903806644,403.6756592827233,404.23543564120376,4973600
2023-12-04,405.11376953125,405.23924427599434,402.9518337884723,404.06175510448173,5806100
2023-12-05,404.9882507324219,405.818298478196,403.4343669498712,403.76251577126396,3419300
2023-12-06,403.2992858886719,406.9765501786304,402.9132301320378,406.9186138336774,4201800
2023-12-07,406.4552917480469,406.97648313343325,404.66975103182705,405.18128145228513,3248300
2023-12-08,408.1829833984375,408.6172850693066,405.5094877008148,405.7218227801838,5125300
2023-12-11,409.7657470703125,409.91051426788727,407.5072904256654,407.69067202731355,5247100
2023-12-12,411.80224609375,411.80224609375,408.520699122037,409.4376071501617,5982600
2023-12-13,417.4097900390625,417.5352353108086,411.6478197912736,412.0049220393717,8659100
2023-12-14,418.635498046875,420.18938166531774,416.21295236771664,419.08912155145526,8349100
2023-12-15,417.9985046386719,419.1180867122296,417.17811792180555,418.095025920802,5326000
2023-12-18,420.3631591796875,421.1931774378007,419.31114490981423,419.49452651645055,4280500
2023-12-19,422.9207763671875,422.9497298051017,420.7588411251723,420.8457014389149,4061500
2023-12-20,416.81622314453125,423.8133950516595,416.6320847067867,422.06895988701996,5783200
2023-12-21,420.876953125,421.2258579387295,417.5624904853265,419.76245112485,4621600
2023-12-22,421.855712890625,423.357863623559,420.101577037695,422.0204496416083,4037800
2023-12-26,423.6098937988281,424.404593434326,422.1367862645938,422.2240346428863,3835800
2023-12-27,424.38519287109375,424.5014846081593,422.9508886796568,423.416055627919,4271000
2023-12-28,424.4530334472656,425.29617810453743,424.15260327227736,424.72439068840737,4703700
2023-12-29,423.319091796875,424.8115712767617,421.5165109090932,424.35607563699125,4376900
2024-01-02,420.6152648925781,421.83635770899167,419.0161647787929,420.51834525299694,9076000
2024-01-03,417.49462890625,419.636413869045,416.97128652923004,418.9774076613728,4805000
2024-01-04,416.1766052246094,419.4232209510881,415.9633938450153,417.04882284086824,3945300
2024-01-05,416.70965576171875,418.9580317600652,415.411015363521,416.3316780284758,5724600
2024-01-08,422.6698303222656,422.8054941568464,417.08759034098875,417.1651378827962,7222400
2024-01-09,421.6425476074219,422.96056006217214,419.79149192333944,420.2372867741259,7939600
2024-01-10,424.4239807128906,425.1992787028452,422.03991129684397,422.32093981216207,4278800
2024-01-11,424.2786560058594,425.8001791938732,420.605617105235,425.3931580623065,4796600
2024-01-12,424.472412109375,426.2265481552633,423.25131929321265,425.5578410907289,5182700
2024-01-16,423.0284423828125,424.46277627114205,421.3227512264989,423.30950048827873,5730800
2024-01-17,420.67340087890625,421.07075068884956,418.4831412938553,420.21790520172453,6044600
2024-01-18,424.41424560546875,424.8600700106298,420.7606090198535,422.13676727725976,4331300
2024-01-19,429.6088562011719,429.9189576410013,424.78254208972066,425.4512491526242,4836800
2024-01-22,430.587646484375,432.15767359327316,429.9867861519953,431.04314215177897,5870400
2024-01-23,431.866943359375,432.0607826426918,430.08373434060485,431.1013166387125,3251600
2024-01-24,432.2254943847656,435.32674528390464,431.99291091883237,434.4836006441761,4568200
2024-01-25,434.6580505371094,434.910035682811,432.3417983457047,434.3091753283422,4167100
2024-01-26,434.3963928222656,435.6368872981262,433.35940888423966,434.27040024979425,6404000
2024-01-29,437.5557556152344,437.67204734995005,433.8924180930862,434.39638837781536,4543300
2024-01-30,437.24566650390625,437.8658989651098,436.5381856634861,436.9258346487036,3410000
2024-01-31,430.12249755859375,435.5981170571338,430.0546508535254,435.1813951415221,7108000
2024-02-01,435.7822570800781,435.7822570800781,430.92687001901794,431.60527792071986,6138400
2024-02-02,440.2596740722656,441.81029960616604,435.81133759004604,436.1214686119705,6253500
2024-02-05,438.65081787109375,440.13359641185747,436.6350257697108,439.7265754030215,7101900
2024-02-06,440.01739501953125,440.26938017482394,438.25355808392715,439.5812714162512,4383600
2024-02-07,443.6322326660156,444.03925370791393,441.21906104331475,442.07190647015534,6763400
2024-02-08,443.9327392578125,444.18469484951305,442.9248281638388,443.6807540903881,4184600
2024-02-09,446.452392578125,446.8012677313009,444.02954987312575,444.38812586135094,4002600
2024-02-12,446.2489013671875,448.45853297310526,445.5608222448136,446.39426603026374,4564200
2024-02-13,439.9592590332031,441.6358772009621,437.0809200837689,440.45352851792836,8152200
2024-02-14,444.14593505859375,444.51421195936985,440.37597681990667,442.48868900510115,5624000
2024-02-15,447.1502685546875,447.2956332330836,444.2816008809635,444.73709659042,5695700
2024-02-16,444.86309814453125,447.8868018190599,444.25253690722764,446.84981779937675,5527900
2024-02-20,442.4208068847656,443.9229576270437,440.4049850636949,443.32209733013246,5306800
2024-02-21,442.86663818359375,443.0120028519673,439.60065047267807,441.2675676800432,4208600
2024-02-22,452.17034912109375,452.9068732793544,448.05151603367403,448.92373359586594,4328500
2024-02-23,452.3739318847656,454.3994254009164,451.7052247459736,453.64349944955046,4050600
2024-02-26,450.71661376953125,453.15882869866294,450.59062121006286,452.7711797604113,3450800
2024-02-27,451.55010986328125,451.73424830605154,449.5924632739129,451.3368984861642,3586900
2024-02-28,450.852294921875,451.45315523562283,449.78623811890975,450.15451497590857,2800600
2024-02-29,452.519287109375,454.0311389804913,450.13521755503376,452.55806088383866,7332900
2024-03-01,456.8804016113281,457.20990475244173,453.00385231485143,453.3915013293543,4839400
2024-03-04,456.3376159667969,458.0142339235237,456.0759595773181,456.08563083755996,3970200
2024-03-05,451.7632751464844,454.89359877846704,449.7377820583963,454.47687690344094,4616500
2024-03-06,454.1570739746094,456.13412216140995,452.89720743368264,454.76763514815957,5325100
2024-03-07,458.6539001464844,459.55519068245417,456.2504291415101,457.0742017115162,7149800
2024-03-08,455.87249755859375,461.60007283443224,455.3200822129736,459.1481567086185,6285600
2024-03-11,455.4945068359375,455.94030168908546,452.9650728134716,454.7192088673565,5323900
2024-03-12,460.3692932128906,460.87323396467,455.07781180417527,457.35529038805754,4811000
2024-03-13,459.6714782714844,460.795681010003,458.30499122489846,460.64061550375345,3544500
2024-03-14,458.6636047363281,460.6600252318296,455.9306599956269,460.4952884512906,5153000
2024-03-15,455.50421142578125,457.21957372265433,454.2540160836008,455.89186041326576,6807100
2024-03-18,458.35345458984375,460.6115312723292,457.91733101573107,459.32259179834267,3939100
2024-03-19,460.9216613769531,461.0573252065034,456.74468238253894,457.6266007896369,4550200
2024-03-20,464.943603515625,465.2052599302706,460.27235479380323,460.86354390563224,6179400
2024-03-21,466.49420166015625,468.3258556065489,466.3585082544943,467.7249952688357,5044700
2024-03-22,465.8845520019531,466.99293553607606,465.53455488854394,466.5554094734843,5881500
2024-03-25,464.67901611328125,465.50543783536835,464.299822862706,464.4748511088049,6081300
2024-03-26,463.37615966796875,466.06929196977353,463.2108634694235,465.76789567021825,8073500
2024-03-27,467.42071533203125,467.52764900092865,464.2025578414791,466.2053981627645,4951400
2024-03-28,467.36236572265625,468.7818478176271,467.16790311421494,467.5276322360859,4065000
2024-04-01,466.7499084472656,468.58745277744003,465.5442935085762,468.08189146175255,5734000
2024-04-02,463.6970520019531,463.75538486311615,461.53864712641706,463.11369371948814,4817800
2024-04-03,464.11505126953125,465.51509908968796,462.58863538117527,462.6372362019572,6224800
2024-04-04,458.3982238769531,468.1207616981853,458.1940292197091,467.848531826024,6871200
2024-04-05,463.26922607421875,465.05816959224455,459.31217546666034,459.7302374998812,5588200
2024-04-08,463.4539794921875,464.8054266480763,462.7636875346536,463.91094000961624,4736800
2024-04-09,464.02752685546875,465.3206409315311,459.6232186471116,465.106743924181,5250400
2024-04-10,459.5357666015625,461.2275084411414,457.61072300839066,458.8163082623635,6933400
2024-04-11,462.8511962890625,464.18317940495615,457.6107631173166,460.8289212015199,5109900
2024-04-12,456.5412292480469,460.89690733290837,454.9272843609485,459.65242364140056,6959700
2024-04-15,450.74658203125,460.44968589625944,450.0076892996535,460.3330201844722,9530000
2024-04-16,449.9396667480469,452.59393062428836,448.7826822125699,451.1744185417555,6761400
2024-04-17,447.22698974609375,452.33132189682306,446.0019702060828,452.20492416290085,7156200
2024-04-18,446.2062072753906,450.4452200377295,445.49645124683343,448.55904509791173,5637300
2024-04-19,442.47271728515625,447.17842219079307,441.30600083844257,446.2547691979088,9787500
2024-04-22,446.3131408691406,448.9188038706389,442.7158192421049,444.8547600193286,5818100
2024-04-23,451.9425048828125,452.2244668251195,447.88822268553656,448.38405200447716,4257400
2024-04-24,451.6119079589844,453.3716850329082,449.6090674254486,452.6522266871233,7687800
2024-04-25,449.7451477050781,450.60073579252315,444.5727800624145,446.0408631175778,4876200
2024-04-26,454.24664306640625,455.6272563761701,451.9132401195587,452.41880136228,4907100
2024-04-29,455.8315124511719,456.3954363257904,453.2744799606623,455.8315124511719,3253200
2024-04-30,448.6270751953125,455.3453526842646,448.55901030658606,454.45089578123645,4364800
2024-05-01,447.1686706542969,454.11057683488536,446.6922758002359,447.9853602630431,6115400
2024-05-02,451.3396911621094,452.0494471662623,446.4200889705378,450.50353740795885,3972400
2024-05-03,456.9398498535156,457.93153804421405,454.47031690315146,456.72595283150247,4586900
2024-05-06,461.5483703613281,461.63586965140456,458.72883999913915,459.11773562309037,4782500
2024-05-07,462.2094421386719,463.4150570048038,461.5385846552657,462.5011360758398,3451300
2024-05-08,462.2288818359375,462.6566461804042,460.36214161729805,460.44964089258644,3214900
2024-05-09,464.8831481933594,464.8831481933594,461.7622218054913,462.39418084085946,3486000
2024-05-10,465.4568176269531,467.0610602815104,464.3387315880451,466.3804706904356,3347200
2024-05-13,465.4859313964844,467.090173869554,464.47480882865744,467.02210898397993,3108400
2024-05-14,467.6929931640625,468.11105519217335,465.20402571976814,465.6901526373386,3257700
2024-05-15,473.3903503417969,473.71121069862227,469.34577113515223,469.9291293259738,4399500
2024-05-16,472.4861755371094,475.01404132540387,472.3500457645036,473.53619657519704,3347400
2024-05-17,473.18621826171875,473.22511672269957,471.25144263728004,472.60286003033474,3274000
2024-05-20,473.6529541015625,475.0529724457656,472.9529300940435,473.27376083169037,2599600
2024-05-21,474.92657470703125,475.02377635605626,472.8556692444704,473.030667817715,2453600
2024-05-22,473.5459899902344,474.87797310792473,471.4848164354872,474.2557460304703,3250600
2024-05-23,470.02642822265625,476.394679405189,468.9083421707931,476.3169121482844,3811300
2024-05-24,473.2251281738281,473.8765216391509,470.89169519182747,471.7181169003833,2555200
2024-05-28,473.60430908203125,474.1196024557365,471.08617507310686,473.87653898378437,4034700
2024-05-29,470.26947021484375,471.2319920380931,469.5597142181129,469.7833432866034,5605000
2024-05-30,467.1096496582031,469.35555371453245,465.90406435927883,468.74302903174566,3386800
2024-05-31,471.1736145019531,471.45557640142914,463.25948428947993,467.8873920313266,5334000
2024-06-03,471.68896484375,472.9140142295436,467.0707589049783,472.80705087370694,4211300
2024-06-04,472.2625732421875,472.9139963735957,469.17081313565166,470.57086104631554,2560300
2024-06-05,477.9113464355469,477.9113464355469,472.5736825356685,474.33345955073156,3026100
2024-06-06,477.8044128417969,478.52387116364235,476.05436785915555,478.19330843006924,21344000
2024-06-07,477.18218994140625,479.8364537014324,475.9571702351764,476.9391264726767,3063600
2024-06-10,478.74749755859375,479.0197274359539,475.97656829245904,476.56965853971263,3461900
2024-06-11,479.83642578125,479.962823524968,475.53905084899657,477.36689277481935,4028400
2024-06-12,483.8324279785156,486.2727650053042,482.9282093335634,484.1143602365742,3698800
2024-06-13,484.74627685546875,485.592162568052,482.2962080099615,485.44630076430377,8808900
2024-06-14,485.13525390625,485.1935867656457,482.51988858361824,483.462976038294,5812000
2024-06-17,488.9853515625,490.1909368365816,484.0949159051375,484.64910771822315,4609500
2024-06-18,490.28814697265625,490.3659142217911,488.6839341306205,489.0922641125336,3431700
2024-06-20,488.9270324707031,491.70766430587616,487.2839210514341,491.1243357186605,4810900
2024-06-21,487.8575134277344,489.2575612815814,486.9533245094507,488.16864176655184,4338100
2024-06-24,486.54498291015625,490.44373031027385,486.54498291015625,488.1005949911362,7022800
2024-06-25,488.5672607421875,488.87835940466863,486.4380225717567,487.78943990890747,6325200
2024-06-26,489.1117248535156,489.7922847090223,486.992218696727,487.5561128439086,3202700
2024-06-27,489.8701171875,490.4826418715002,488.3825699567138,489.0436954657669,3619700
2024-06-28,487.98114013671875,493.4451141764416,486.8883512840268,490.75214894926285,5598600
2024-07-01,489.10321044921875,489.4934879376624,486.4883185227565,489.3081009198055,4368500
2024-07-02,492.2742614746094,492.35230506148275,487.47376203464927,487.5518353977862,4210100
2024-07-03,494.4988708496094,494.8208713607969,491.97178916069015,491.97178916069015,2131100
2024-07-05,497.45526123046875,497.7089549908848,494.18663151660144,494.8110993033908,3156900
2024-07-08,497.9333190917969,498.7919473590852,496.94787372815745,498.0992026428117,3143400
2024-07-09,498.4797668457031,499.57255568258836,498.13826289011087,498.79197095891135,3140600
2024-07-10,503.28021240234375,503.64121979275365,499.2602980395183,499.5432618494049,3446900
2024-07-11,498.96759033203125,504.2363805662449,498.4211661710553,503.46559228053707,5537800
2024-07-12,502.0508117675781,505.4463179447622,499.72862070398105,500.04085457961423,5238200
2024-07-15,503.57293701171875,506.50982934306404,501.8459733342777,504.03155100806254,7771500
2024-07-16,506.4317626953125,506.7830630459542,504.0510313649849,504.76333912799987,4164300
2024-07-17,499.35791015625,502.5972400615851,499.1334864599525,501.0849036498894,4984300
2024-07-18,495.6014099121094,501.69958843134896,493.5816860402343,500.78241999995436,5055900
2024-07-19,492.29376220703125,496.8308310179271,491.32782022146,495.3087279840667,4039400
2024-07-22,497.4065246582031,497.92364905543405,494.13789470154785,495.92342844254824,4342900
2024-07-23,496.5771179199219,499.22127978555403,496.13803715652267,497.2796292756032,3116000
2024-07-24,485.2101135253906,492.4401174593845,484.488068949999,492.1766570938822,6157400
2024-07-25,482.7611083984375,490.91804792140135,481.9220132803021,485.46381054846563,5646600
2024-07-26,488.17626953125,490.6741109352458,485.5809108647691,486.2541224029448,3636000
2024-07-29,488.53729248046875,490.55698658863554,486.654152312063,489.630081313707,3096200
2024-07-30,485.9809875488281,490.79125418217694,482.89777418790686,489.85455236938014,3817800
2024-07-31,493.64019775390625,496.29412608374776,491.08384623000774,492.2254382846453,5367600
2024-08-01,486.9078369140625,497.5137840970433,483.707514058493,495.50382686449876,6939200
2024-08-02,478.0093994140625,481.53169313514377,473.9992216211935,480.4486708916855,8561200
2024-08-05,463.65673828125,469.4914566480464,457.5000194019887,458.74892521799745,15244300
2024-08-06,468.28155517578125,475.0334415417305,464.37872104823464,465.7935103299748,8255000
2024-08-07,465.0324401855469,476.68240271634204,464.5445859079634,473.9016571551257,5976400
2024-08-08,475.88232421875,476.4091853773647,467.988845914204,469.7938828439667,4177200
2024-08-09,477.92156982421875,479.277789227097,474.01873561836425,475.10175781788314,7661300
2024-08-12,478.16552734375,480.39014179138405,476.12629991477405,479.0143890732564,3578100
2024-08-13,486.1077575683594,486.2736411265576,480.9462806799742,481.16093775609176,3247900
2024-08-14,487.6591491699219,488.68366107156334,484.41981922927994,486.8005506090526,3700500
2024-08-15,496.0307312011719,496.2356216650138,492.2352105435636,492.8206416450889,4279000
2024-08-16,497.0747375488281,497.71867899498875,494.34273571646503,494.5281227248714,3449300
2024-08-19,501.8556823730469,501.8556823730469,496.69420544359485,497.47476039408957,3804300
2024-08-20,501.02630615234375,502.9581898923858,499.8066705482728,501.436087040606,3156000
2024-08-21,502.7826232910156,504.10957267757504,500.39212534083697,501.97276848858223,3344100
2024-08-22,498.71392822265625,505.0560339540357,497.70894958242667,504.49010630637474,3677100
2024-08-23,504.1095886230469,504.9779835861047,499.8067398186429,501.8362304197983,5102800
2024-08-26,502.8705139160156,505.7000333735918,501.3971842719091,505.0658584592793,3398600
2024-08-27,503.54364013671875,504.0412609811301,500.6945285476415,501.7678435881904,3031800
2024-08-28,500.66534423828125,503.69001699001035,497.76748858883224,503.2704694504173,3940400
2024-08-29,500.743408203125,505.5048707086207,499.689626290591,502.4801384611205,3487100
2024-08-30,505.4560241699219,505.9829448884099,499.6798463615684,502.89967259195873,5637700
2024-09-03,495.23065185546875,502.9094737301855,492.8304170502887,502.6070064479835,5866400
2024-09-04,494.00128173828125,497.1528314237363,492.7523758468305,493.3963471343971,3601400
2024-09-05,492.7816162109375,496.57713695516736,490.62530854364144,494.0597920940361,3425600
2024-09-06,484.5758972167969,494.625683135946,483.75627585088034,493.06454353725246,7411400
2024-09-09,490.0301208496094,491.14241312444693,486.63464434106845,488.43971113247324,3656800
2024-09-10,492.04986572265625,492.4499098467293,487.36647606140116,491.7083915123942,2975400
2024-09-11,497.0844421386719,498.0406471844054,484.1953412411716,492.05954933847397,5956900
2024-09-12,501.35809326171875,501.65079390788094,495.71846941806433,497.6991565271248,4092900
2024-09-13,504.02178955078125,504.9584912287836,501.73860526488056,501.9337588918635,4416600
2024-09-16,504.7828369140625,505.01705700985275,502.14847124984277,503.7974212199255,4256300
2024-09-17,505.0170593261719,508.09050579936786,502.9778020729476,506.8220964825316,8150000
2024-09-18,503.3777160644531,510.03205478460484,502.9484019679105,505.59259328440214,6921300
2024-09-19,512.1591186523438,513.808068386954,509.5052201376567,512.129878364876,5558400
2024-09-20,511.1542663574219,512.1689819423651,508.46130088109504,510.7932589112146,5612700
2024-09-23,512.4129028320312,513.0569039002338,511.1054865705815,512.2470490337195,29289200
2024-09-24,513.8861083984375,514.042255096535,510.6662824922444,513.2324004255098,4650600
2024-09-25,512.8421020507812,514.4910517067548,511.9054600561569,513.8178104968598,35418000
2024-09-26,514.8814697265625,517.0475143578567,512.7251321577037,516.8035871938354,5273900
2024-09-27,514.2149047851562,516.5541280967773,513.1774337382968,515.8885862684211,5598600
2024-09-30,516.4562377929688,516.7401131087591,511.092714780989,513.1774540003607,8013000
2024-10-01,511.6309814453125,515.8983105691221,509.17431315167715,515.8395880486318,9198700
2024-10-02,511.71905517578125,512.7173379462403,508.5381227982213,510.7598410985111,3270600
2024-10-03,510.7501525878906,512.6293330145772,508.77306146662596,510.4760743287547,4008000
2024-10-04,515.4579467773438,515.8200789611128,511.20035475005784,514.978309808772,5354400
2024-10-07,510.818603515625,514.5476329123096,509.7420040605035,513.9800017935345,3970500
2024-10-08,515.6536865234375,516.1724519662849,512.3749025418476,513.1774835787725,2626700
2024-10-09,519.1771240234375,519.7448148475673,515.1250911284853,515.6731878675563,2941800
2024-10-10,518.30615234375,519.6177018692001,516.8674204480116,518.0223367302035,3637600
2024-10-11,521.3890991210938,522.0937693184102,518.1396471557641,518.2472951462324,5429200
2024-10-14,525.656494140625,526.5471290418357,522.6223377741758,522.8964160441305,2638900
2024-10-15,521.6532592773438,526.1848687675632,520.5179375135004,525.9597757706591,4811300
2024-10-16,523.845703125,524.3448743796216,520.9094578512849,521.6043907384335,3237200
2024-10-17,523.924072265625,527.3105636599489,523.777295830058,527.1735245296312,3225300
2024-10-18,525.9402465820312,526.6645108684404,524.1785113403212,525.4900605326762,5070400
2024-10-21,525.1279907226562,526.1849961503115,522.367912629859,525.3138955994995,3671400
2024-10-22,524.7657470703125,525.8620003025301,522.132911328199,522.7593246785905,3366600
2024-10-23,519.9797973632812,523.3564323046762,516.7988643550123,522.9258402613393,5227800
2024-10-24,521.1542358398438,521.8491688481795,518.7758839219489,521.8393718041352,4477800
2024-10-25,520.9486694335938,525.8424117763915,520.1166973924787,523.2878926105868,4327200
2024-10-28,522.5733642578125,524.1883231219936,522.3286771413042,524.1491946890559,3408000
2024-10-29,523.4054565429688,524.4331307207865,520.4496163802982,521.7904973077699,3027600
2024-10-30,521.8294677734375,524.8049011253421,521.2716337580166,522.9941807525189,3067000
2024-10-31,511.5624694824219,517.9830573497181,511.4058960048106,517.8460779585839,7972800
2024-11-01,513.7841796875,517.8362123391346,513.3926564382178,513.9994756579628,6106900
2024-11-04,512.6683959960938,515.095732631149,510.9360519634118,513.9016285286185,3681500
2024-11-05,518.8345336914062,518.9030532520342,513.3339721364827,513.5688622083126,3300300
2024-11-06,531.7540283203125,532.5762033144761,526.7330439230556,530.1391291982299,7483300
2024-11-07,535.8942260742188,536.8239894128872,533.564799729575,533.6332595590607,6051300
2024-11-08,538.2626953125,539.5252592446388,536.4128464966678,536.4226435387719,6798000
2024-11-11,538.7032470703125,540.0049396817612,537.1861389674968,539.7113270527906,4893100
2024-11-12,537.0882568359375,539.2317185101449,534.817553073548,538.6934187652581,4818600
2024-11-13,537.3624267578125,539.1730879552979,535.3461470897978,537.4896091296188,3701600
2024-11-14,533.9464721679688,537.8908575704481,533.300524397977,537.4308146797882,3940300
2024-11-15,527.0560913085938,531.0396050539978,525.3432813554089,530.6089533048171,7360100
2024-11-18,529.2386474609375,530.4131575867406,526.7135193892374,527.4671150983572,4494500
2024-11-19,531.1668090820312,531.8225538333165,525.4900798772958,526.0773050667951,6978400
2024-11-20,531.3626098632812,531.5289803895495,526.0186212929497,531.2451648167307,3949100
2024-11-21,534.04443359375,535.4440370100663,528.5634052506524,533.9857110636275,4530600
2024-11-22,535.83544921875,536.4031401141827,533.780101123595,534.2205499262916,5574600
2024-11-25,537.5579833984375,540.641064861387,535.5711551408085,539.4861488776008,4305000
2024-11-26,540.5726318359375,541.0718031753748,538.1648887966818,538.801099275979,4438600
2024-11-27,538.8499145507812,540.6410408324143,537.4405144786547,540.3082400948305,3312200
2024-11-29,541.6883544921875,542.911790083805,539.3589283467024,539.5742243365554,3988700
2024-12-02,543.2152099609375,543.7633067267915,542.1190164292295,542.5789995460771,5441000
2024-12-03,543.3424682617188,543.6262838270917,542.0211219155842,543.0096674798427,4202900
2024-12-04,546.76806640625,547.0029564838757,544.3505265915412,544.9965340430784,5490300
2024-12-05,545.8578491210938,547.5216737857617,545.6131619953405,546.7582810172067,3021600
2024-12-06,546.9442138671875,548.060001432977,546.2199495750989,546.6016160681833,5134900
2024-12-09,544.0960693359375,546.9931864920845,543.5773636785397,546.8366130119464,4412300
2024-12-10,542.5496826171875,545.0454793900486,541.8058241855432,544.7518667823124,4110100
2024-12-11,546.660400390625,547.5021097203938,544.8300858303137,545.0845699853751,3514400
2024-12-12,543.8416748046875,546.337471747236,543.8122836728812,545.8187063232409,4048600
2024-12-13,543.8024291992188,546.2982258781919,542.4224201257379,545.6620752083725,4666900
2024-12-16,545.9360961914062,546.9246417197977,544.5952155453901,545.290148475761,22846800
2024-12-17,543.6458740234375,544.5659000160771,542.5104922939323,543.66540837183,6110900
2024-12-18,527.6824951171875,545.6816948635781,527.0854728529297,543.4990450267569,24584900
2024-12-19,527.4866943359375,533.5157585295167,527.2028787899014,532.1357494937389,16792100
2024-12-20,533.45703125,537.8613992549183,524.4623306459887,525.2061890226875,9389400
2024-12-23,537.275634765625,537.4425378076141,530.5301149809887,533.4659305001856,7063400
2024-12-24,542.8036499023438,542.8822171897905,537.6192876579177,538.1298851323999,3439300
2024-12-26,542.7937622070312,543.9327180688281,539.9561110596449,541.2129478043753,4492000
2024-12-27,537.1676025390625,539.6615593001007,533.3578985549414,539.4160889914809,7077100
2024-12-30,531.18798828125,534.2318564601114,527.6630677531195,530.7657864872298,6505100
2024-12-31,529.0474243164062,533.2302479541981,527.6629981479063,532.6214863845854,6040800
2025-01-02,527.7219848632812,533.691780468329,524.1184370714898,532.1993615317085,7142700
2025-01-03,534.5361938476562,535.0074776856079,529.4303991958292,530.4024520762432,6416300
2025-01-06,537.6487426757812,541.438790054665,535.9304504262104,538.3458999630042,5983400
2025-01-07,531.600341796875,539.6419522457585,529.7838853173455,539.3670566379855,5383200
2025-01-08,532.317138671875,533.1615422009897,528.3307030187035,531.5119888199476,4317000
2025-01-10,524.2166137695312,528.9885424328595,522.3608437573665,528.9492887559891,7935200
2025-01-13,524.89404296875,525.2180205998066,519.434786161296,519.8079057933636,5621000
2025-01-14,525.5617065429688,528.1636555962974,522.1742046372774,527.5843792863387,8820000
2025-01-15,535.1743774414062,536.2348259995719,531.9440096182473,533.0044581764129,5307300
2025-01-16,534.3790283203125,536.6079178784927,533.5444532507487,536.4507833220948,3632800
2025-01-17,539.5044555664062,541.1343519588316,537.7566782972702,538.9742013736578,6558700
2025-01-21,544.4138793945312,544.4138793945312,540.5256082132274,542.3126392139102,5301700
2025-01-22,547.5067749023438,548.8028653094673,546.642714630928,547.0944015684825,4780000
2025-01-23,550.5408325195312,550.5408325195312,546.7114716473726,546.9471135602546,6217900
2025-01-24,548.8814697265625,551.4834191885149,547.9094168377662,550.5997619847354,3612100
2025-01-27,541.2423706054688,541.3995051624794,536.9221291560625,537.0202933072385,7617400
2025-01-28,545.7787475585938,546.5643006153147,539.2688691378303,542.2930806042102,4164700
2025-01-29,543.3828735351562,545.4350317064974,540.9870808997065,545.1109941153857,4174500
2025-01-30,546.2205810546875,547.6738061993725,542.371622956729,545.3074385939854,4296500
2025-01-31,543.3043823242188,550.7274023612421,542.695620728455,548.4985126910664,6233900
2025-02-03,539.7401733398438,541.9592347107007,533.1418997092746,535.1154907502453,7824000
2025-02-04,543.323974609375,543.7953183689978,539.2786285874994,539.7401439457772,4181400
2025-02-05,545.5528564453125,545.660849000007,540.4372335478213,542.3323171019557,3424200
2025-02-06,547.5167236328125,547.5462088420625,544.1488774860228,547.1926859774983,3606300
2025-02-07,542.1948852539062,549.0680545999337,541.7922803460989,547.9879491737038,10161600
2025-02-10,546.0733032226562,546.6918932294917,544.1978763989875,545.3761459324493,3517600
2025-02-11,546.564208984375,547.0256643950161,543.9523713601467,544.0603639120915,2752900
2025-02-12,544.7576293945312,545.8475033900264,540.417730289078,541.0166635735264,3579500
2025-02-13,550.5113525390625,550.7175691794287,544.6495501480424,545.7983344488794,3388500
2025-02-14,550.531005859375,551.6797901529453,549.9222442727462,550.7372224984367,3380600
2025-02-18,552.1216430664062,552.1216430664062,549.3527307510161,551.6208740404252,3844900
2025-02-19,553.4569702148438,553.7024405197185,550.3739087318646,550.8550209407354,3857600
2025-02-20,551.1300048828125,552.2886177160714,548.1057934616805,552.2002819525467,4446800
2025-02-21,541.7529907226562,551.0317807100142,541.2817068904246,550.9335566254482,6148700
2025-02-24,539.1902465820312,544.4629437342035,538.5716566431264,543.5792266988334,4772300
2025-02-25,536.5097045898438,539.8088711185444,532.3465377006723,539.2295348152447,5491500
2025-02-26,536.843505859375,541.3601350691093,534.3888030433742,538.0806856673223,4180800
2025-02-27,528.22265625,539.9168961388925,527.8593649619289,538.8859327557373,5521400
2025-02-28,536.4312133789062,536.9810644953538,525.8759896799768,528.6644989386477,7328100
2025-03-03,527.1917114257812,539.3375787872683,523.5882236941048,538.2673616888253,7290000
2025-03-04,520.8389282226562,528.5270752962539,516.6266192473975,523.40162393743,10477400
2025-03-05,526.68115234375,528.0459218020419,517.3827052862612,520.6425583879073,6221700
2025-03-06,517.12744140625,523.7649690182523,514.7218200776233,519.6018016218984,7228900
2025-03-07,519.9159545898438,521.2611271191624,510.7059035940874,515.3894963728146,7308300
2025-03-10,506.1696472167969,514.2112575986323,501.5744198810054,512.4438832142323,11176900
2025-03-11,502.0162658691406,508.15305390992836,498.3342110234514,505.0110217890846,11208900
2025-03-12,504.45135498046875,508.3592234445258,499.87578444776534,507.52464829683754,8590600
2025-03-13,497.8628845214844,504.74588179287537,496.2624432263294,504.2058590817993,21650000
2025-03-14,508.0843505859375,509.02691833766096,501.5842708064799,502.0163010024472,7412300
2025-03-17,511.9626159667969,514.3486398613696,507.7111138035181,508.0744050289388,6269800
2025-03-18,506.5622863769531,510.106922935221,504.7556585904966,509.91053471601384,6010600
2025-03-19,511.8841247558594,515.4483581807261,507.0630546731874,508.1627567841318,5373900
2025-03-20,510.7059020996094,515.1145393471021,507.94681816946263,508.5752365558637,6029700
2025-03-21,510.83355712890625,511.5110575997381,505.33498608076013,506.44451670588006,5059000
2025-03-24,519.798095703125,520.7799768896228,516.351683149834,516.9407878900241,22376300
2025-03-25,521.0353393554688,521.9680786533809,519.5232037884604,520.9764288742398,6260200
2025-03-26,514.95751953125,521.7815470383813,513.6221153356779,520.9469718542706,4410200
2025-03-27,513.5406494140625,516.9595610489275,511.589743336059,513.6194289511355,5534900
2025-03-28,503.2837829589844,512.801673839273,502.65321592274717,512.111962014505,5831800
2025-03-31,506.3480224609375,507.74717110776555,495.2438962600065,497.87459159033807,8196700
2025-04-01,508.21014404296875,509.7373242255431,501.39198662774027,504.8207602166222,7697000
2025-04-02,511.2744140625,513.8164672010965,502.42657052495815,502.6335021057088,6308600
2025-04-03,486.888671875,496.2488838479124,486.23837985602717,493.62802088727375,16226000
2025-04-04,458.6700744628906,476.1884486605896,457.4089102824729,474.19818286496144,30966500
2025-04-07,456.7388916015625,473.685812285718,436.2843573450973,442.9252013002091,31285300
2025-04-08,450.01922607421875,475.39032411506423,442.9843042336706,472.62167465667125,19002700
2025-04-09,491.7559509277344,494.6723873030688,446.49193708296065,446.81706803598297,29286600
2025-04-10,474.9667053222656,483.08544787159536,461.43872516369186,481.9523756089721,16651300
2025-04-11,483.3317565917969,485.7457179273652,470.966436448845,473.61685666614164,11541200
2025-04-14,488.189208984375,492.89887187948545,483.46968361357585,492.69194030116347,7701500
2025-04-15,486.8196716308594,491.92344291172856,486.1595472350246,488.73112775927405,8200600
2025-04-16,476.1195068359375,484.53382307111787,471.1930795030808,481.4597372263795,6374900
2025-04-17,476.77960205078125,480.97692750315895,474.41492308958476,477.6565204951989,5638900
2025-04-21,465.41925048828125,472.43447758817257,460.45340375017474,471.97139225648476,7762500
2025-04-22,477.16387939453125,479.321656846857,470.16834697325044,471.0354029445899,6236300
2025-04-23,484.82940673828125,493.8053425353239,483.4795705157644,489.38142059496795,8047600
2025-04-24,495.0172424316406,495.59855721060313,484.97718177968545,486.00188701696175,6184300
2025-04-25,498.66278076171875,499.0667513850763,492.39638003300973,495.046800171936,6933400
2025-04-28,498.9682312011719,501.2540704115972,493.5885514219789,499.35247686052946,4210000
2025-04-29,501.9930419921875,503.0374420964918,496.84001866417316,497.1158973696776,6525500
2025-04-30,502.2393493652344,503.97346121931423,490.43565000614205,495.8547194816186,7873700
2025-05-01,505.7962646484375,510.81139407844825,505.22484238278656,507.5501016254365,5784500
2025-05-02,513.0479736328125,514.7229106749327,509.2841762518283,511.48134341292626,6285400
2025-05-05,510.3679504394531,513.1858521164785,508.6732884978727,509.4713672284161,4793500
2025-05-06,506.02288818359375,510.21035109729206,504.4070057087104,505.3430388580055,4694300
2025-05-07,508.30877685546875,510.55519636223227,503.579388755344,507.3431562418935,5460000
2025-05-08,511.6981506347656,516.5161505793418,508.7520967475153,511.89515960687436,5088200
2025-05-09,511.0182800292969,513.954411181285,509.74722341721224,513.0282405301346,4739500
2025-05-12,528.0341186523438,528.0341186523438,522.5855218275047,526.635030265316,7793600
2025-05-13,531.5023193359375,533.5122797541868,527.8962014985105,528.4380964010879,7356800
2025-05-14,532.1625366210938,533.4532582197603,530.3200575482734,532.4187204728535,5031300
2025-05-15,534.7734985351562,535.2562787458758,529.9259113396045,530.3397143577859,7362200
2025-05-16,538.2219848632812,538.4288562990532,533.7290860731775,535.4730002493259,7255300
2025-05-19,538.7737426757812,539.3944772576738,532.6255717094596,532.6748239495846,7766100
2025-05-20,536.8623657226562,538.0249953911675,534.0148762071125,537.197329114453,7158200
2025-05-21,527.8863525390625,536.6750810447614,526.9503194268027,532.9506735466264,6339500
2025-05-22,528.1326904296875,531.2954180225461,526.5759226856137,527.7188272700043,5816600
2025-05-23,524.5659790039062,526.9404903937685,521.3243515008256,521.6396500500734,6455900
2025-05-27,535.3450317382812,535.5223759057751,529.2756395889138,530.7929575577294,6118100
2025-05-28,532.2905883789062,536.8820521361441,531.6698537501936,535.7883396102386,4910500
2025-05-29,534.3399658203125,537.2564321470858,530.8126273788237,537.1283402388023,4659500
2025-05-30,533.7882690429688,535.3942891796423,528.2706342957232,533.384268321102,6171500
2025-06-02,536.8917846679688,536.8917846679688,529.8864206399717,532.3003816447604,5933500
2025-06-03,539.9364013671875,540.7935948576643,536.0839618980259,536.5174898812479,4993600
2025-06-04,539.5916137695312,541.5621847170879,539.3846821706989,540.6754037358663,4543400
2025-06-05,537.0692749023438,542.5277346714295,535.3450253568126,541.3946323438312,6372100
2025-06-06,542.5572509765625,544.1928584748072,540.6261300123875,542.2025626529855,4736000
2025-06-09,543.1385498046875,544.56722559122,542.1040122134209,543.1878020448344,4516400
2025-06-10,546.2323608398438,546.5771866582961,542.6360452494904,543.6607805034889,5984100
2025-06-11,544.724853515625,548.0452603911398,542.803535022746,547.23731917383,20800600
2025-06-12,546.7841796875,546.8334319332367,543.0203820026123,543.4834373044105,8422900
2025-06-13,540.6951293945312,545.1091890789594,539.3550954442844,542.1434701770894,7100600
2025-06-16,545.9171142578125,547.5132718692987,543.749474249297,543.8184514469601,7421300
2025-06-17,541.2665405273438,545.020475704565,540.5670263421647,543.6706394424835,4753300
2025-06-18,541.158203125,544.5771751111325,540.3207344975067,542.0646489545425,4602300
2025-06-20,539.6605224609375,544.5869497534111,538.5767325114141,543.6016642949163,9978500
2025-06-23,545.2175903320312,545.5526138749227,537.719581828209,540.5867362806298,9820200
2025-06-24,551.2080688476562,552.1834917757387,548.1832354407744,548.9813142125737,6770000
2025-06-25,551.4839477539062,552.7648669591056,550.1243091477866,552.2722242300449,16472300
2025-06-26,555.8487548828125,556.2428329410288,552.7056922072939,553.2574495984329,6081400
2025-06-27,558.6076049804688,559.9673037296553,554.9226469727217,556.7946532692025,6056500
2025-06-30,561.3995971679688,562.5065189418008,558.7805056379285,560.8757547328757,5750600
2025-07-01,561.142578125,562.1605238175974,559.1955420882613,559.9466804446596,7412700
2025-07-02,563.6331787109375,563.6826433362575,560.1938188606414,560.7472797598007,6164000
2025-07-03,568.505615234375,568.9503745954044,565.4517175792176,565.5011218809515,4837000
2025-07-07,563.949462890625,566.8947194558151,561.3501570965842,566.3115797688578,6417800
2025-07-08,563.5738525390625,565.1552124002401,562.8326070698979,564.4831570802561,6944600
2025-07-09,566.9144287109375,567.5568656084064,564.0977199324952,565.7778884681948,7156500
2025-07-10,568.5748901367188,569.5335991531936,566.0151557627748,567.0825663238093,4961700
2025-07-11,566.529052734375,567.6755463991923,564.7006710138336,565.7680815893856,4428900
2025-07-14,567.6458129882812,567.9719779177274,564.9081871341931,566.1633219015291,4747000
2025-07-15,565.1848754882812,570.4229984861981,565.174982562944,570.1166194143213,5399000
2025-07-16,567.0429077148438,567.5568572252275,561.5379172960519,566.7069102062948,6141200
2025-07-17,570.4427490234375,570.9072942265212,567.102197892887,567.3196612686976,6495300
2025-07-18,570.185791015625,571.7473651002083,569.1184409228133,571.7176863251624,4262400
2025-07-21,571.203857421875,573.7537591137279,570.8480740200499,571.2334758773338,5913800
2025-07-22,571.203857421875,572.083483323098,568.9208234427508,571.5300223682412,4767700
2025-07-23,576.0565185546875,576.1553874925517,572.1131017114556,573.793270427948,4257300
2025-07-24,576.4518432617188,577.9244414214872,575.9181078644702,576.5309263432957,3840900
2025-07-25,578.7447509765625,579.199342954539,576.7779891864955,576.995392250273,4210100
2025-07-28,578.6064453125,579.654070033838,577.420440265789,579.1994176744942,4193100
2025-07-29,577.1041259765625,580.2272743816501,576.313476110887,579.970299602694,5053400
2025-07-30,576.4024047851562,579.3080895530018,573.773420302351,577.8354311578221,6974700
2025-07-31,574.2379760742188,581.294587506407,573.0717570402004,580.9684829133328,7046800
2025-08-01,564.7796630859375,569.0195656026452,562.6448422788709,569.009672677741,8781300
2025-08-04,573.3682250976562,573.4374152486846,568.3672912783825,568.4562069563387,6640100
2025-08-05,570.6107788085938,574.7123614934802,569.6719160720645,574.0106273496839,4647400
2025-08-06,574.8507080078125,575.4733590356171,570.6700424893085,571.500263967285,4545000
2025-08-07,574.5048217773438,578.685487765358,571.5596253817185,578.0430508160418,4594300
2025-08-08,578.9028930664062,579.3278666180797,575.799530491616,576.1256954304235,4342300
2025-08-11,577.7168579101562,580.5039483263315,576.6297219345636,579.189516359393,5373900
2025-08-12,583.884033203125,584.0619248789951,578.596445936801,579.9010452158929,5851900
2025-08-13,585.9199829101562,587.0960948097359,583.9136495368159,585.9397084367071,5393000
2025-08-14,585.9298095703125,586.5821393622332,583.6072645685987,584.0223451399143,6236700
2025-08-15,584.6648559570312,587.0170800298517,583.7654442289255,586.928104020532,7196300
2025-08-18,584.4572143554688,585.1095441505092,583.4589941364627,584.0816451577692,5311700
2025-08-19,581.2649536132812,585.2083699825303,580.0888416853725,584.3485300368766,6739300
2025-08-20,579.7330932617188,581.1365012553422,575.0582637202687,580.9487166396469,7113600
2025-08-21,577.4500732421875,579.6145126758679,575.848987669078,578.1023427886435,4807300
2025-08-22,586.2857055664062,587.3827344784349,579.0017376170239,579.4267111507994,6389300
2025-08-25,583.8049926757812,586.3054295675703,583.6567194403945,585.1392105033991,6483000
2025-08-26,586.1373901367188,586.5030664144047,582.9055405403318,583.4886801933159,4776600
2025-08-27,587.4815673828125,588.19319449215,585.5246983968915,585.6037814807553,6171400
2025-08-28,589.5570678710938,590.1006358654124,586.3450038869097,588.1239811059146,5058700
2025-08-29,586.1571655273438,588.5983049765928,584.3485096978776,588.2919259298711,7512000
2025-09-02,581.8382568359375,581.927172522968,576.8570480352382,579.2191650452385,11116700
2025-09-03,584.81298828125,585.3170448449204,581.9073639922509,583.9136369998041,8205900
2025-09-04,589.6262817382812,589.8041734350641,584.6944772439197,585.5543172730626,8045600
2025-09-05,588.0152587890625,592.6010518237553,584.5462201571173,591.9191035429222,6641500
2025-09-08,589.5372924804688,590.4366438700025,588.0844801613641,589.3495078620759,9472200
2025-09-09,590.9703979492188,591.3854785788367,588.0647128964556,589.646012653003,7844800
2025-09-10,592.6801147460938,594.7259595190184,591.1778379297908,593.9056309603569,21641100
2025-09-11,597.5131225585938,598.1653921214505,593.8760848490475,594.4097599459304,9109700
2025-09-12,597.3846435546875,598.9066461045369,596.9003727580409,597.5329168005965,8130500
2025-09-15,600.4978637695312,600.6757554605127,599.1240742237828,599.3908815988967,7710700
2025-09-16,599.7071533203125,601.3181317866141,598.9856936312176,601.0611570144115,6393200
2025-09-17,599.015380859375,601.2292245854085,594.5283358534548,599.7566264099336,11613600
2025-09-18,601.8320922851562,604.1744234086889,599.9839248640181,601.4466301198363,11057500
2025-09-19,604.6389770507812,605.5185426079889,601.7431246305556,603.4924834645876,6065700
2025-09-22,607.5841674804688,608.0387594819736,603.3837759931037,603.3936689188264,11583800
2025-09-23,604.4016723632812,608.0782813907309,603.2157278280197,607.5347134249505,10753000
2025-09-24,602.385498046875,605.5876688934721,601.0907916780913,605.4789673663535,23787300
2025-09-25,599.509521484375,600.8338463696774,596.3072901581347,599.5391399374444,6965700
2025-09-26,603.0377807617188,603.5715161296687,599.489719406375,600.93269903304,6438600
2025-09-29,604.7327270507812,606.2690034794704,603.0972989360665,605.3868619995277,5658800
2025-09-30,606.9627685546875,607.438503019957,602.8891409577495,604.0388527472267,6515700
2025-10-01,609.1334228515625,609.9461762599813,604.1776536503963,604.3065084892451,10020000
2025-10-02,609.807373046875,611.0264728575982,607.5971194400579,610.9570848324444,7139500
2025-10-03,609.8569946289062,612.9493900184298,608.8559194908759,610.501268874738,7210700
2025-10-06,611.9384155273438,612.8106357611471,610.0353565652835,611.9978823389563,6056400
2025-10-07,609.7578735351562,613.2665364601952,608.3900763535647,612.8304263371481,7466300
2025-10-08,613.2962646484375,613.4251194838339,610.0155479449701,610.7687740273745,5035200
2025-10-09,611.6410522460938,614.1090762922731,609.8372053698779,613.7522149091221,5898500
2025-10-10,595.1978149414062,614.1189082767044,594.9202628225255,612.5231650788321,13664200
2025-10-13,604.21728515625,605.6247671825565,601.2141204424215,601.9971102071635,6968400
2025-10-14,603.364990234375,606.7250167727715,595.1978910519601,598.8552516877284,7493500
2025-10-15,606.0211791992188,610.7589235457494,600.4608207301061,607.6466859997612,6504900
2025-10-16,602.0169677734375,609.3613913829289,598.7957176737036,607.686338911258,7594800
2025-10-17,605.3571166992188,606.6059801914836,599.7471522014621,600.9762337540849,6911000
2025-10-20,611.7103881835938,612.5429840130611,608.0827918082388,608.0827918082388,4086200
2025-10-21,611.6311645507812,613.266532129235,610.530937785371,611.8690317989032,4216200
2025-10-22,608.5386962890625,612.3645961015551,604.4353653531241,612.3645961015551,6961600
2025-10-23,611.97802734375,612.9988843380182,608.5585345081345,608.8162441849097,5851800
2025-10-24,617.0428466796875,618.2718678331313,615.7147343346045,616.4184148847551,5694900
2025-10-27,624.4268798828125,624.714292700033,621.6119765365527,622.186862666219,7804300
2025-10-28,626.1019897460938,627.7869634219493,624.0701364142817,626.121832181942,5625600
2025-10-29,626.3596801757812,628.5203882837203,622.3157555770916,627.6085436912023,6104500
2025-10-30,619.708984375,625.051317808115,619.5702083259051,623.2474106555609,6243300
2025-10-31,621.4931030273438,624.36747345843,618.9755939670741,624.268382269178,7058600
2025-11-03,622.7122802734375,624.9621584902641,619.6297456672586,624.8432248618518,5568100
2025-11-04,615.4966430664062,619.639659057718,614.7136532733779,616.1508385096427,8390500
2025-11-05,617.3500366210938,620.4622740481128,614.3468720876119,615.100158649079,10323100
2025-11-06,610.7886352539062,617.2806808341932,609.3812137338449,616.458066700095,7099400
2025-11-07,611.432861328125,611.5617161573444,602.5421805881117,608.6576428819092,7571300
2025-11-10,620.9281005859375,621.6616052240138,615.1694993485669,617.1815706279415,8425000
2025-11-11,622.3554077148438,622.930293905333,618.5494106835439,619.6297345380906,5639200
2025-11-12,622.66259765625,624.1989344090184,620.5613564855672,624.0800007952232,6090200
2025-11-13,612.5231323242188,620.4821264427347,611.0562440463785,620.1351863126863,13065800
2025-11-14,612.3646240234375,615.7245897299143,604.4353929134587,606.3383914411886,9681700
2025-11-17,606.6257934570312,613.9702775188156,603.424385812025,610.2930748789496,8902500
2025-11-18,601.6304321289062,606.1005460073224,597.665816431187,603.3351878412129,8542600
2025-11-19,603.8109130859375,608.1422503955523,600.3121110993055,602.1457819447444,7449400
2025-11-20,594.6527099609375,615.6354208855079,594.0579813294597,613.2467061319189,13985000
2025-11-21,600.56982421875,605.604902540592,593.0866250101194,596.9223854368199,9821400
2025-11-24,609.5001220703125,610.6399731419164,602.9287675164411,603.8902181629225,6242700
2025-11-25,615.1695556640625,616.2499400377209,605.5851143475372,609.3416263620226,7389500
2025-11-26,619.421630859375,621.2651625616477,616.7554244961058,617.5483355029211,5323200
2025-11-28,622.8510131835938,623.0690985052433,620.1749459745811,620.4921224909219,2953200
2025-12-01,619.986572265625,622.4545356595735,618.5790902496527,618.648478278206,9191600
2025-12-02,621.0372314453125,623.2078609195595,619.0945480110021,621.4634203655229,5280600
2025-12-03,623.2078247070312,624.2088997732967,619.4216097461683,620.2343631614013,6338400
2025-12-04,623.7330932617188,624.6053134719353,620.938032201056,624.5557678794698,5147700
2025-12-05,624.9027099609375,627.3805947840858,623.9115560316782,624.724309513099,5693100
2025-12-08,623.0491943359375,625.8838797698747,621.1561171392112,625.7748673674685,6876700
2025-12-09,622.5437622070312,624.6351429856944,622.1076520559399,622.6230714604757,12849000
2025-12-10,626.5678100585938,627.9059040935101,620.9281420625233,622.0779144404618,22457400
2025-12-11,628.1041259765625,628.2626839741348,621.7210927839441,624.4269234269875,33921000
2025-12-12,621.3246459960938,627.8266132182872,618.9557736351056,627.2021814160981,8534700
2025-12-15,620.4226684570312,624.9819518420478,619.0449501250199,624.9819518420478,11337200
2025-12-16,618.6881713867188,620.6803398250032,615.1596660725826,619.0251298210586,15819600
2025-12-17,611.8888549804688,620.1055597837402,611.7005333138076,619.6595284158337,21356900
2025-12-18,616.5076293945312,620.4028568507529,615.0803653995222,617.5384076427811,37062400
2025-12-19,622.0084838867188,622.5734488190295,618.3412026829914,618.4601363008222,10487000
2025-12-22,625.9257202148438,626.4624968486763,624.0073868131236,625.170301742366,9850100
2025-12-23,628.8479614257812,629.0567146350801,625.1206155439686,625.1405141352647,13798500
2025-12-24,630.9451904296875,631.4819063368776,628.7186717781915,628.8478912743275,3275200
2025-12-26,631.0048828125,632.2373821185158,630.0506604466641,631.3030583435626,3852100
2025-12-29,628.7783203125,629.9611337256401,627.1383246722775,628.4801448021351,6579400
2025-12-30,627.9036254882812,629.3846750635554,627.595500686216,628.3807669665728,4180400
2025-12-31,623.3413696289062,628.3211127839837,623.1525150355415,628.1223088962688,5556800
2026-01-02,624.5043334960938,627.8440206730822,621.433034621939,626.830223898974,11337000
2026-01-05,628.6392211914062,630.2096324573033,627.4166105817476,627.565728672282,16175600
2026-01-06,632.3665771484375,632.8337086846144,628.7088158873062,628.8181368000583,8672000
2026-01-07,630.3388061523438,634.3643269734911,630.1002657579688,632.7342807231195,8820100
2026-01-08,630.2295532226562,631.2632485985795,628.4205408149647,629.6530400964517,9017400
2026-01-09,634.4539184570312,635.5770968946526,629.9711540024175,631.313034949903,7864100
2026-01-12,635.4777221679688,636.2927150953415,631.3229204987674,631.3527683862371,7929800
2026-01-13,634.1755981445312,636.2827860663717,631.9789272324014,635.8155938574095,8860000
2026-01-14,631.104248046875,632.2771122348082,627.1880476680589,631.6509132926965,8683400
2026-01-15,632.7741088867188,635.716249065159,631.8596836870233,634.9111447843152,6937000
2026-01-16,632.247314453125,634.6526778944173,630.8457984950747,634.1060126577282,6733700
2026-01-20,619.385498046875,625.9555516594215,618.4610629054321,622.9736750304544,14877600
2026-01-21,626.4822998046875,629.5735579251939,619.8824591674239,621.2441779344317,10403800
2026-01-22,629.7424926757812,631.7800961099325,627.9334803554502,630.5972826953481,6085500
2026-01-23,630.0009765625,631.6310230261056,628.1521669313868,629.0567034892177,5850400
2026-01-26,633.2412719726562,634.5334063474975,630.6867904420004,631.193719163357,9007400
2026-01-27,635.83544921875,636.7299757286575,634.01648764896,634.5631528494195,4339600
2026-01-28,635.7360229492188,637.9326937327655,634.364354954632,637.1772753396389,5568700
2026-01-29,634.4141235351562,637.1673482484503,626.0151592658927,636.5610479204715,8697200
2026-01-30,632.37646484375,634.5930343128545,628.1323018448974,632.4063127288746,6562300
2026-02-02,635.8155517578125,637.0878481294003,630.2394575036581,630.3487784106579,9490300
2026-02-03,630.3190307617188,637.127624636739,625.3094393171525,636.461689191973,9702800
2026-02-04,627.0985717773438,632.0783154846036,623.2122192405427,631.0943058976957,11322000
2026-02-05,619.3357543945312,624.9516463379395,617.7454444517366,622.4567998403622,11714700
2026-02-06,631.4024047851562,632.873444457358,622.4170386976657,622.9338560420853,12987900
2026-02-09,634.3743286132812,636.1237058716187,629.285264225263,630.2394865479288,8908500
2026-02-10,632.5951538085938,636.7498943960981,632.237343193348,635.2788547558001,13645300
2026-02-11,632.5056762695312,637.276727179629,630.0108905697201,636.620680379596,5345000
2026-02-12,622.7052612304688,635.6565739786832,621.9796906937136,634.6526658480624,8951100
2026-02-13,623.1029052734375,627.3570177908472,619.3556608318796,623.1426417892584,9312800
2026-02-17,624.1961669921875,626.1244494596028,617.7553334857993,621.7609558383565,8718600
2026-02-18,627.337158203125,629.9711127799449,624.2061635303085,625.3094433039927,9509200
2026-02-19,625.7269287109375,627.2675527576046,623.0233291582808,625.1504156053861,5212400
2026-02-20,630.1898193359375,630.7464338739763,623.2420565725196,623.6892895288598,7482000
2026-02-23,623.8384399414062,630.7762537689327,621.9697923240972,628.7883359348965,10868700
2026-02-24,628.3907470703125,629.2654357125624,621.6218897212324,623.3613177105922,6930300
2026-02-25,633.6786499023438,634.1457814678613,630.9054657305335,630.935313617577,12135200
2026-02-26,630.1202392578125,633.9171694301511,625.6275257415438,633.7978992187842,9497700
2026-02-27,627.2277221679688,627.8738196368811,623.1525154659292,624.444649737325,10471100
2026-03-02,627.4663696289062,629.5139224256816,619.8327123026569,620.4191747152204,9211400
2026-03-03,621.9398803710938,623.9973823973519,612.1593596083252,617.0595692844848,18493400
2026-03-04,626.3729858398438,628.1422617269309,621.2938706355266,623.13267025621,13489800
2026-03-05,623.0233764648438,626.6910872371077,617.6460855023222,623.5004573241831,12198800
2026-03-06,614.6939697265625,618.0635048176132,612.2786569798124,615.5985062612132,9739200
2026-03-09,620.0315551757812,621.5423921304164,605.519779373885,609.1576422868583,13929200
2026-03-10,618.9580078125,624.703118917018,616.8806678500829,619.5544195048814,15570400
2026-03-11,618.2722778320312,621.651701660167,615.5587288075508,619.4351927474164,6433300
2026-03-12,608.7997436523438,613.9782906586722,608.720209964532,613.4911999039504,15487600
2026-03-13,605.4104614257812,614.5946320815423,604.5755092450586,611.8214478858587,25527500
2026-03-16,611.4735107421875,614.3460662066185,609.8334544713231,611.0063185641181,8303200
2026-03-17,613.163330078125,616.5229160665718,612.5470804036939,614.6343698601297,9941800
2026-03-18,604.7046508789062,612.1692910659127,604.4561611824888,610.9765283898234,14276900
2026-03-19,603.0845336914062,606.0067751441085,598.8999450829019,600.4903156465963,10271900
2026-03-20,594.3277587890625,601.9414569072442,590.9781223088967,601.7725008888926,17685700
2026-03-23,600.7785034179688,607.3386678237272,599.4167847306644,603.193815994715,24014300
2026-03-24,598.740966796875,602.2496101659307,595.6994549907438,597.0015387225677,18363300
2026-03-25,602.0010986328125,605.7582922570971,599.7150053798267,603.730638015276,23288300
2026-03-26,591.3259887695312,600.2616692258608,591.0874483494522,597.6674511578492,7712600
2026-03-27,581.267333984375,589.1144777126154,580.340041643732,588.9648889107974,11707700
2026-03-30,579.2431640625,586.9606799244748,576.780365337597,586.681524598016,11839200
2026-03-31,595.81494140625,597.1111545541363,584.797038362315,585.6445459587967,12447300
2026-04-01,600.5511474609375,603.5922792987799,598.5270734220991,599.3147576665046,11332500
2026-04-02,601.2391357421875,603.033897052521,591.3080947579734,592.5045617262401,12780100
2026-04-06,603.9113159179688,604.679099565039,600.860203588715,601.1693010160667,6316800
2026-04-07,604.2802734375,604.5495089369605,596.762188576322,601.8274552706249,6690000
2026-04-08,619.535888671875,620.6825129888314,615.50758036616,619.9945140554843,9805100
2026-04-09,623.2052001953125,624.3518245199318,617.6015233967194,618.5387964301815,5498300
2026-04-10,622.786376953125,625.1694519162147,621.9089272667818,624.5113950804241,4609400
2026-04-13,628.8886108398438,629.068141746439,620.1739980599084,620.9417817607915,5158400
2026-04-14,636.4964599609375,636.6660101659483,630.3842541856149,630.394234886843,5042900
2026-04-15,641.5816650390625,641.9206437210339,636.3767903935311,637.3340248080247,5165600
2026-04-16,642.987548828125,644.1940573414455,640.2854566217476,642.6385894427339,5882400
2026-04-17,650.8845825195312,652.978460504779,646.9759210221027,647.2949991560519,7815300
2026-04-20,649.6481323242188,650.7050520182237,647.2850188493404,649.7279170722375,6384100
2026-04-21,645.37060546875,651.9613976641574,644.064411698874,651.0440860724256,8514900
2026-04-22,652.0013427734375,652.2904788128074,649.1995043990852,650.086873919197,4537200
2026-04-23,649.3689575195312,652.9984027213983,643.7851816263676,650.3361117357704,6519500
2026-04-24,654.5139770507812,654.9128399388437,649.9273581277243,651.5027874202591,4793800
2026-04-27,655.5908813476562,655.9897442498248,652.9386317078322,653.7661779000335,5319200
2026-04-28,652.3602905273438,653.4870143109248,650.1168236613001,652.5098184703198,5527100
2026-04-29,652.34033203125,652.8189188235992,649.3690042655251,651.7221371384875,6302000
2026-04-30,658.6619262695312,659.8484733645753,651.2535076655925,655.0923042835946,5948400
2026-05-01,660.5963134765625,664.4849528457122,660.4567053773899,661.1646657163936,5426500
2026-05-04,658.2032470703125,661.9223970342584,655.4811934705715,660.0678124027411,5962400
2026-05-05,663.3682250976562,664.6145956020702,661.4039743945087,661.6532484953915,5052600
2026-05-06,672.7009887695312,673.3790678345035,667.2070390665722,667.5061557964536,6441500
2026-05-07,670.587158203125,674.7949364517899,668.9718669826326,673.8576634472385,6260300
2026-05-08,676.0711669921875,676.5597953097122,673.4089368576604,673.7379956835236,4348100
2026-05-11,677.5469360351562,679.0824425161985,675.1140184895723,675.1140184895723,5693400
2026-05-12,676.6993408203125,677.2876544251811,670.8463903046786,675.5028130676155,6073400
2026-05-13,680.4285278320312,681.9241724326588,674.236598134511,676.9287705872277,4918000
2026-05-14,685.7330322265625,687.0990493154267,681.6748429038888,681.7546276496565,5370000
2026-05-15,677.4671630859375,681.5353333338866,676.4700667114944,680.0595893163164,6448500
2026-05-18,676.9386596679688,679.6308319983431,672.2922174306617,678.2049915134924,7585400
2026-05-19,672.6312866210938,676.1809473674391,670.5971710179281,673.5984409163759,5664200
2026-05-20,679.5910034179688,680.0197475687622,672.7808179380188,674.3562472966549,5506800
2026-05-21,680.8572998046875,682.8415118079786,675.6524252009126,677.1082077837469,7335400
2026-05-22,683.5593872070312,686.5806183444705,682.4924868148298,684.1077780252463,4319800
2026-05-26,688.0064697265625,689.5021142679227,686.0820810529642,687.6475296425398,6633800
2026-05-27,687.9566040039062,688.7742302953759,685.9224885468103,688.3554060201326,7386500
2026-05-28,691.8950805664062,692.2739820366038,686.8497756220142,687.7571673535666,8477100
2026-05-29,693.4705200195312,694.9761452220588,691.87519022733,692.981952552842,5080400
2026-06-01,695.2752685546875,697.0301678575355,691.9250394444856,692.5232729077605,10051200
2026-06-02,696.2325439453125,697.1199743496946,693.759764340947,694.0389196876005,4750700
2026-06-03,691.3467407226562,695.6243231994247,690.8382118247522,695.055970952234,5970400
2026-06-04,694.0388793945312,695.1755838336171,688.8938890323536,689.4821417954013,6630000
2026-06-05,676.0313110351562,690.1701296768632,674.2863924594756,689.7015236140584,10846500
2026-06-08,677.7064208984375,683.3001166594861,676.7292859773222,681.485394050322,8867200
2026-06-09,675.7322387695312,684.7659296699894,662.3910841415923,681.7247978381474,16197200
2026-06-10,665.1130981445312,676.908764828766,664.943608807788,672.3620079751116,16472700
2026-06-11,676.2606201171875,678.4044015562152,664.066151553439,668.1542221372476,19974200
2026-06-12,679.9698486328125,682.452608736131,673.8476626127706,679.1023797017236,6328000
2026-06-15,691.8153686523438,693.7297765794715,689.2528237628894,689.2926857075207,14068900
2026-06-16,687.7471923828125,692.5532039877361,687.4380949553847,691.8153624421296,13324100
2026-06-17,679.431396484375,689.5220675268852,677.6665773298051,688.7542838635158,15029600
2026-06-18,686.1119384765625,687.6973484128507,683.7089631076961,687.2984855391632,17747900
2026-06-22,684.1077880859375,689.4921327717968,683.0110064333779,687.1688812133426,13367200
2026-06-23,674.3761596679688,679.7504626430755,673.0599852073517,674.3960602112073,17581700
2026-06-24,673.72802734375,680.089506851527,671.7238539662496,675.712239319944,9677000
2026-06-25,673.7479858398438,679.5610136500771,670.6270694454009,679.1622116311859,26266500
2026-06-26,670.260009765625,676.9600219726562,668.0999755859375,669.9600219726562,6007600
2026-06-29,681.010009765625,681.5700073242188,672.9299926757812,677.010009765625,5703800
2026-06-30,686.8099975585938,687.530029296875,680.989990234375,681.3200073242188,9892400
2026-07-01,685.4600219726562,688.8300170898438,682.2999877929688,684.72998046875,8659300
2026-07-02,684.8400268554688,690.5,680.219970703125,686.97998046875,6994700
2026-07-06,690.6199951171875,691.5800170898438,687.0,688.1099853515625,5610000
2026-07-07,687.0800170898438,690.239990234375,684.989990234375,689.5800170898438,4847400
2026-07-08,685.260009765625,685.8400268554688,679.72998046875,683.0999755859375,4839800
2026-07-09,690.6900024414062,691.1900024414062,685.2899780273438,686.9500122070312,6423900
2026-07-10,693.8599853515625,694.3300170898438,687.6300048828125,691.25,5326400
2026-07-13,688.5,692.9600219726562,687.5399780273438,691.5999755859375,6637600
2026-07-14,691.0999755859375,692.4000244140625,688.2000122070312,690.2100219726562,4610200
2026-07-15,693.7999877929688,694.5,689.5800170898438,693.27001953125,4132800
2026-07-16,690.1400146484375,693.5499877929688,687.4299926757812,691.97998046875,4764000
2026-07-17,683.1699829101562,686.8699951171875,680.9199829101562,682.1199951171875,5679300
2026-07-20,682.2100219726562,688.2000122070312,681.5700073242188,686.6699829101562,5360300
2026-07-21,687.8699951171875,688.489990234375,684.030029296875,685.9500122070312,4075500
2026-07-22,687.030029296875,689.4000244140625,686.02001953125,686.2899780273438,3418300
2026-07-23,678.6099853515625,682.5499877929688,675.760009765625,679.5499877929688,4983100
2026-07-24,679.1400146484375,683.5499877929688,677.7000122070312,678.7999877929688,6311600
2026-07-27,679.3099975585938,685.239990234375,676.4000244140625,684.6900024414062,5232200
2026-07-28,680.9600219726562,682.760009765625,676.47998046875,679.4500122070312,5090000
2026-07-29,670.6300048828125,682.6300048828125,670.1599731445312,680.1199951171875,7970700
2026-07-30,681.7899780273438,682.4400024414062,675.2100219726562,676.5399780273438,6094800
2026-07-31,686.6500244140625,688.3499755859375,678.0599975585938,684.5,7715400
2026-08-03,696.4000244140625,697.3099975585938,688.6099853515625,688.8300170898438,7283200
2026-08-04,708.97998046875,710.9099731445312,699.0700073242188,699.1599731445312,6566400
2026-08-05,707.5999755859375,714.1599731445312,707.3200073242188,713.1400146484375,5225700
2026-08-06,706.4000244140625,709.4600219726562,705.4299926757812,707.9299926757812,4668700
2026-08-07,710.7100219726562,711.3699951171875,707.4400024414062,708.72998046875,4653100
2026-08-10,710.6500244140625,712.4400024414062,709.5,710.3099975585938,6689300
2026-08-11,708.4199829101562,712.0,707.0,711.9600219726562,5169300
2026-08-12,710.1699829101562,712.260009765625,708.9299926757812,712.1199951171875,4919100
2026-08-13,714.9500122070312,716.3900146484375,711.6099853515625,712.2999877929688,4590000
2026-08-14,713.6099853515625,715.8900146484375,712.7999877929688,715.6300048828125,4236400
2026-08-17,710.27001953125,714.0499877929688,710.0999755859375,713.5,5745000
2026-08-18,705.4000244140625,707.3499755859375,704.9600219726562,706.6099853515625,5278600
2026-08-19,706.9099731445312,710.0999755859375,706.0999755859375,708.1900024414062,7021800
2026-08-20,701.010009765625,706.0800170898438,700.469970703125,704.0499877929688,8458600
2026-08-21,703.7100219726562,705.7999877929688,702.4400024414062,704.0700073242188,10712800
2026-08-24,701.8300170898438,703.3900146484375,700.530029296875,702.969970703125,7727600
2026-08-25,704.02001953125,704.8400268554688,701.4500122070312,704.2899780273438,4315600
2026-08-26,704.2000122070312,705.3200073242188,702.22998046875,702.9000244140625,7157800
2026-08-27,708.75,709.9600219726562,705.2100219726562,706.3900146484375,6745700
2026-08-28,707.239990234375,712.6699829101562,706.260009765625,709.3900146484375,8074400
